Percent_Thrombolysis_(median),Percent_Thrombolysis_(low_5%),Percent_Thrombolysis_(high_95%),Percent_Thrombolysis_(mean),Percent_Thrombolysis_(stdev),Percent_Thrombolysis_(95ci),Baseline_good_outcomes_per_1000_patients_(median),Baseline_good_outcomes_per_1000_patients_(low_5%),Baseline_good_outcomes_per_1000_patients_(high_95%),Baseline_good_outcomes_per_1000_patients_(mean),Baseline_good_outcomes_per_1000_patients_(stdev),Baseline_good_outcomes_per_1000_patients_(95ci),Additional_good_outcomes_per_1000_patients_(median),Additional_good_outcomes_per_1000_patients_(low_5%),Additional_good_outcomes_per_1000_patients_(high_95%),Additional_good_outcomes_per_1000_patients_(mean),Additional_good_outcomes_per_1000_patients_(stdev),Additional_good_outcomes_per_1000_patients_(95ci),Onset_to_needle_(mean),Onset_to_puncture_(mean),stroke_team,scenario
9.110169,7.717161,10.810381,9.153602,0.909906,0.178338,529.661017,512.605932,544.70339,528.707627,11.189051,2.193014,9.533898,4.237288,15.889831,9.777542,3.556199,0.697002,189.365587,,1,base
12.817797,11.016949,14.40678,12.745763,1.03878,0.203597,532.309322,507.309322,549.788136,530.65678,13.557433,2.657208,13.771186,8.474576,19.120763,13.887712,3.663091,0.717953,190.111724,,1,benchmark
15.995763,14.295551,17.590042,16.007415,1.029575,0.201793,530.720339,513.71822,549.788136,530.752119,11.653471,2.284038,16.949153,9.533898,24.417373,17.086864,4.399128,0.862213,190.312546,,1,onset
22.086864,20.439619,24.258475,22.145127,1.198427,0.234887,530.720339,513.771186,548.78178,530.360169,12.012464,2.3544,24.364407,16.949153,32.838983,24.523305,4.788302,0.93849,190.441542,,1,onset_benchmark
10.59322,8.998941,12.394068,10.672669,1.032925,0.20245,531.25,512.605932,553.125,532.17161,12.097498,2.371066,12.711864,7.415254,18.008475,12.680085,3.79549,0.743902,171.022044,,1,speed
14.724576,12.913136,16.84322,14.819915,1.14167,0.223763,530.720339,508.315678,554.184322,530.540254,13.776581,2.70016,19.597458,12.711864,26.483051,19.502119,4.221462,0.827391,171.30938,,1,speed_benchmark
18.432203,16.933263,20.026483,18.471398,1.183224,0.231908,530.720339,511.652542,552.966102,531.069915,13.560137,2.657738,23.305085,15.889831,30.720339,23.146186,4.678142,0.916899,170.755924,,1,speed_onset
25.847458,23.829449,27.870763,25.913136,1.301131,0.255017,527.542373,511.54661,548.78178,528.739407,12.344216,2.419422,34.427966,23.305085,44.491525,34.067797,6.419318,1.258163,171.959189,,1,speed_onset_benchmark
21.722846,19.101124,24.344569,21.662921,1.673027,0.327907,627.340824,595.505618,649.812734,624.850187,15.963558,3.1288,29.962547,16.853933,43.071161,30.0,7.523572,1.474593,168.788919,,2,base
19.382022,16.292135,21.910112,19.219101,1.695902,0.332391,624.531835,595.411985,655.524345,625.05618,17.137552,3.358899,25.280899,14.88764,35.580524,24.737828,6.808367,1.334415,168.417114,,2,benchmark
30.71161,27.705993,34.269663,30.705993,1.87388,0.367274,623.595506,599.157303,648.314607,623.445693,15.177843,2.974802,43.071161,29.962547,56.273408,42.041199,8.473079,1.660693,167.147397,,2,onset
27.153558,24.513109,29.981273,27.082397,1.746351,0.342279,629.213483,595.411985,651.779026,625.76779,18.077347,3.543095,33.707865,24.344569,48.689139,35.037453,7.363268,1.443174,167.29241,,2,onset_benchmark
23.033708,19.653558,26.797753,23.074906,2.07365,0.406428,625.468165,602.996255,647.940075,625.861423,14.702739,2.881684,31.835206,20.599251,45.037453,33.052434,7.487681,1.467558,155.268991,,2,speed
20.318352,17.593633,22.659176,20.312734,1.57455,0.308606,627.340824,593.539326,649.906367,624.794007,17.297902,3.390326,28.089888,16.853933,39.513109,28.520599,6.945179,1.36123,156.023541,,2,speed_benchmark
32.771536,29.391386,35.402622,32.634831,1.871875,0.366881,625.468165,597.097378,651.779026,624.494382,16.328675,3.200362,46.816479,31.835206,59.925094,46.292135,9.463318,1.854776,155.011702,,2,speed_onset
28.277154,25.646067,31.64794,28.398876,1.779026,0.348683,622.659176,591.666667,649.812734,623.089888,18.208423,3.568785,41.198502,28.089888,54.307116,41.404494,7.741308,1.517269,155.492902,,2,speed_onset_benchmark
13.120567,11.459811,14.781324,13.156028,1.07097,0.209906,617.021277,600.413712,641.903073,619.420804,13.181266,2.583481,16.548463,9.456265,23.640662,16.702128,4.288801,0.84059,184.130889,,3,base
16.193853,14.539007,18.20922,16.303783,1.170304,0.229375,616.43026,598.049645,644.385343,618.002364,13.907128,2.725747,19.503546,14.184397,27.245863,20.082742,4.49083,0.880187,182.936682,,3,benchmark
13.711584,11.702128,15.614657,13.712766,1.220046,0.239125,621.158392,597.813239,643.026005,619.65721,13.961618,2.736427,17.730496,10.579196,23.640662,17.13948,4.120452,0.807594,182.613038,,3,onset
17.198582,15.01182,19.154846,17.065012,1.235925,0.242237,619.385343,599.172577,643.026005,620.330969,13.011587,2.550224,20.094563,13.002364,29.609929,20.638298,4.86472,0.953468,183.082122,,3,onset_benchmark
13.593381,11.932624,15.37234,13.673759,1.062154,0.208178,621.749409,595.744681,648.995272,622.8487,15.643826,3.066134,16.548463,10.638298,23.640662,16.985816,3.899262,0.764241,177.042629,,3,speed
17.49409,15.478723,19.190307,17.34279,1.306471,0.256064,618.794326,593.321513,640.661939,617.624113,14.235541,2.790115,23.640662,15.307329,30.732861,22.836879,4.963686,0.972865,178.048337,,3,speed_benchmark
14.361702,12.51773,16.312057,14.41253,1.26823,0.248568,618.20331,599.172577,637.174941,618.900709,12.180318,2.387299,17.730496,10.638298,24.822695,17.990544,4.370052,0.856514,176.061848,,3,speed_onset
17.966903,15.691489,20.330969,17.957447,1.421688,0.278646,615.839243,598.049645,639.65721,617.635934,12.915216,2.531336,22.458629,14.125296,31.914894,22.12766,5.524029,1.08269,176.944851,,3,speed_onset_benchmark
20.516304,18.471467,23.505435,20.694293,1.58928,0.311493,638.586957,612.703804,664.402174,639.565217,16.113471,3.158182,28.532609,21.671196,39.470109,29.497283,6.009294,1.1778,173.084078,,4,base
18.342391,16.569293,20.788043,18.421196,1.23159,0.241387,642.663043,618.206522,667.1875,641.861413,15.684224,3.074051,24.456522,13.586957,31.317935,23.817935,5.568509,1.091408,172.438854,,4,benchmark
26.222826,23.77038,28.668478,26.288043,1.499918,0.293979,643.342391,619.497283,663.179348,641.861413,15.420447,3.022352,35.326087,28.464674,47.554348,36.494565,6.248806,1.224744,173.257863,,4,onset
23.913043,21.331522,26.086957,23.949728,1.471601,0.288428,639.945652,611.277174,657.608696,637.32337,14.365142,2.815516,31.25,21.73913,44.904891,32.540761,6.615124,1.296541,172.543955,,4,onset_benchmark
20.652174,18.335598,23.097826,20.557065,1.419702,0.278257,642.663043,613.858696,663.179348,641.467391,15.01881,2.943633,29.891304,20.380435,39.402174,29.578804,5.789811,1.134782,168.654827,,4,speed
18.342391,16.161685,20.380435,18.413043,1.380004,0.270476,642.663043,618.206522,669.836957,643.30163,15.063657,2.952423,23.777174,14.945652,32.608696,23.994565,5.732734,1.123595,168.292743,,4,speed_benchmark
25.815217,23.369565,28.668478,25.980978,1.642352,0.321895,641.304348,620.720109,660.461957,641.277174,13.267517,2.600386,36.684783,28.464674,46.263587,37.173913,6.26222,1.227373,168.558825,,4,speed_onset
23.57337,20.923913,25.550272,23.513587,1.427603,0.279805,644.021739,616.779891,663.111413,643.872283,14.125122,2.768473,31.25,20.380435,39.402174,31.019022,5.993012,1.174609,169.387978,,4,speed_onset_benchmark
9.796894,8.243728,11.72043,9.873357,1.099274,0.215454,540.023895,517.323775,563.978495,539.510155,14.294874,2.801744,10.752688,5.973716,16.726404,11.123059,3.503654,0.686704,184.291145,,5,base
13.620072,11.46356,15.663082,13.661888,1.267856,0.248495,537.634409,512.485066,562.783751,537.825568,14.040929,2.751971,16.726404,9.557945,23.9546,16.821983,4.247644,0.832523,184.64733,,5,benchmark
13.082437,11.344086,15.065711,13.099164,1.104247,0.216428,536.439665,519.653524,556.750299,537.502987,11.283196,2.211466,14.336918,9.498208,20.37037,14.850657,3.809483,0.746645,184.234336,,5,onset
18.399044,15.890084,20.083632,18.367981,1.267202,0.248367,540.023895,523.237754,563.918757,541.553166,13.172398,2.581743,22.700119,13.142174,29.868578,21.804062,5.098292,0.999247,185.578094,,5,onset_benchmark
10.633214,9.074074,12.311828,10.688172,1.040919,0.204016,541.218638,517.323775,562.783751,540.991637,13.222233,2.59151,13.142174,7.168459,19.11589,13.357228,3.918166,0.767946,172.456498,,5,speed
15.053763,13.255675,17.216249,15.172043,1.204777,0.236132,537.634409,519.653524,560.334528,538.590203,13.061289,2.559966,19.11589,13.142174,26.344086,19.462366,4.535305,0.888904,173.602892,,5,speed_benchmark
14.814815,12.544803,16.385902,14.609319,1.20389,0.235958,538.23178,514.874552,558.124253,537.933094,13.870101,2.71849,17.921147,11.947431,23.9546,18.088411,4.231796,0.829417,173.918578,,5,speed_onset
21.266428,18.990442,22.945042,21.178017,1.324612,0.259619,540.023895,519.414576,560.334528,539.032258,12.912581,2.530819,26.88172,19.11589,37.037037,27.455197,5.580586,1.093775,174.530447,,5,speed_onset_benchmark
10.818084,9.580194,12.058665,10.847686,0.785529,0.153961,575.349839,561.302476,590.069968,575.925727,9.198662,1.802905,13.186222,7.534984,17.761033,13.100108,2.951109,0.578407,182.296383,,6,base
15.608181,14.155005,16.899892,15.524758,0.844133,0.165447,576.964478,561.840689,589.908504,576.7169,9.351088,1.83278,18.299247,13.993541,24.219591,18.466093,3.244371,0.635885,182.271837,,6,benchmark
10.844995,9.733584,11.89451,10.818622,0.695314,0.136279,574.811625,562.917115,590.446717,575.694295,8.833985,1.731429,12.917115,9.122713,16.173305,12.847147,2.319873,0.454687,182.62316,,6,onset
15.473628,14.044672,16.738428,15.430032,0.851048,0.166802,575.080732,562.432723,589.370291,575.247578,8.62794,1.691045,18.83746,13.428418,22.658773,18.428418,3.144926,0.616394,182.683147,,6,onset_benchmark
10.871905,9.846609,11.951023,10.87944,0.703827,0.137947,574.273412,560.22605,588.93972,575.209903,9.278589,1.81857,13.186222,8.584499,17.787944,13.385361,2.785268,0.545902,179.107455,,6,speed
15.312164,14.044672,16.528525,15.2831,0.741951,0.14542,574.811625,562.325081,589.424112,574.956943,9.670864,1.895455,18.83746,13.455328,23.708288,18.61141,3.133798,0.614213,178.807626,,6,speed_benchmark
10.871905,9.846609,11.953714,10.865447,0.682821,0.13383,574.542519,558.61141,589.34338,574.838536,8.773448,1.719564,12.917115,9.149623,17.761033,13.191604,2.675795,0.524446,179.662343,,6,speed_onset
15.231432,14.095802,16.256728,15.185684,0.752775,0.147541,575.349839,563.993541,588.832078,575.995694,8.376125,1.64169,18.299247,13.455328,24.246502,18.606028,3.187561,0.62475,179.516595,,6,speed_onset_benchmark
13.020277,11.408751,14.733191,13.010672,1.06325,0.208393,646.744931,622.145144,673.425827,647.982924,14.39198,2.820776,16.008538,9.551761,22.465315,15.602988,4.230446,0.829152,192.22933,,7,base
17.235859,15.245464,18.788687,17.117396,1.192183,0.233664,646.744931,627.427962,663.927428,645.208111,12.834936,2.515601,20.277481,13.874066,28.815368,20.661686,4.584762,0.898597,192.032249,,7,benchmark
13.767343,12.15048,15.272145,13.719317,1.059812,0.207719,647.812166,625.400213,668.089648,646.958378,13.936533,2.73151,17.075774,11.739594,24.546425,17.054429,3.932203,0.770698,191.381737,,7,onset
17.876201,15.570971,19.967983,17.909285,1.258087,0.246581,649.946638,625.29349,664.941302,647.55603,12.917852,2.531852,21.344717,13.820704,28.86873,21.430096,5.089385,0.997501,191.95937,,7,onset_benchmark
14.461046,12.913554,16.120598,14.470651,1.00266,0.196518,646.744931,627.3746,666.0619,646.446105,13.21455,2.590004,18.14301,11.686233,25.667022,18.772679,4.763401,0.93361,183.826411,,7,speed
18.996798,17.177161,20.597652,18.941302,1.129505,0.221379,645.677695,628.548559,670.330843,648.303095,12.334968,2.417609,22.411953,15.955176,30.94984,22.966916,4.683965,0.91804,184.863066,,7,speed_benchmark
15.47492,13.649947,17.182497,15.407684,1.090869,0.213806,645.677695,627.534685,667.129136,647.470651,13.486692,2.643343,19.743863,12.80683,27.748132,19.925293,4.420035,0.866311,184.343086,,7,speed_onset
20.117396,17.812166,21.883671,20.007471,1.2427,0.243565,645.677695,624.226254,665.955176,646.360726,13.401664,2.626678,25.080043,18.036286,35.218783,25.432231,5.481994,1.074451,184.737846,,7,speed_onset_benchmark
16.735537,14.325069,18.884298,16.764463,1.380509,0.270575,612.947658,590.84022,633.608815,611.707989,13.830339,2.710697,22.038567,12.396694,29.063361,21.184573,5.215821,1.022282,177.249011,,8,base
16.184573,14.593664,18.333333,16.261708,1.125812,0.220655,608.815427,589.393939,629.614325,609.655647,14.605899,2.862704,19.972452,11.019284,27.61708,19.793388,5.295585,1.037916,177.314104,,8,benchmark
17.561983,15.289256,19.559229,17.53168,1.351721,0.264932,612.947658,592.217631,628.168044,610.950413,12.01975,2.355828,22.038567,15.082645,31.680441,22.217631,5.839445,1.14451,178.322994,,8,onset
16.873278,15.151515,18.753444,16.964187,1.098396,0.215282,610.192837,589.393939,629.476584,610.261708,13.572805,2.660221,20.661157,13.705234,28.92562,20.895317,5.161434,1.011622,177.102761,,8,onset_benchmark
17.217631,15.550964,19.421488,17.231405,1.287892,0.252422,611.570248,586.77686,633.746556,609.889807,15.234866,2.985979,22.038567,15.151515,30.30303,22.933884,4.81696,0.944107,172.387637,,8,speed
16.528926,14.455923,18.732782,16.592287,1.317304,0.258187,611.570248,585.261708,633.677686,610.950413,14.885943,2.917591,20.661157,13.705234,30.440771,21.212121,5.565017,1.090723,172.118707,,8,speed_benchmark
17.906336,15.702479,20.123967,17.99449,1.452778,0.284739,608.126722,585.330579,632.438017,607.796143,14.367415,2.815962,23.415978,12.396694,33.057851,23.250689,6.025595,1.180995,171.87337,,8,speed_onset
17.355372,15.426997,19.559229,17.516529,1.279615,0.2508,610.192837,579.820937,630.853994,608.402204,15.191936,2.977565,22.038567,12.396694,30.30303,22.506887,5.38375,1.055196,171.696392,,8,speed_onset_benchmark
11.643836,8.561644,14.417808,11.633562,1.952783,0.382738,613.013699,578.767123,644.006849,612.876712,22.679656,4.445131,10.273973,3.424658,24.143836,13.356164,7.011704,1.374269,223.167916,,9,base
11.986301,9.571918,15.753425,12.434932,1.865436,0.365619,616.438356,581.849315,661.130137,617.39726,25.293147,4.957366,13.69863,3.424658,23.972603,12.979452,5.887478,1.153924,221.314902,,9,benchmark
14.726027,11.626712,18.493151,14.917808,2.049206,0.401637,616.438356,578.59589,654.280822,617.020548,23.349525,4.576423,13.69863,3.424658,27.39726,14.212329,6.573508,1.288384,223.959751,,9,onset
15.753425,12.996575,19.178082,15.839041,2.037643,0.399371,619.863014,581.849315,650.684932,618.664384,21.862905,4.285051,15.410959,6.849315,27.39726,15.993151,6.970272,1.366148,222.057286,,9,onset_benchmark
13.69863,10.599315,16.780822,13.75,1.844797,0.361573,619.863014,585.445205,657.705479,621.30137,24.015459,4.706943,17.123288,3.424658,27.39726,16.506849,7.307557,1.432255,207.91674,,9,speed
14.383562,10.599315,17.465753,14.219178,2.026628,0.397212,618.150685,575.0,654.109589,614.383562,25.479437,4.993878,17.123288,6.849315,27.39726,16.849315,7.2962,1.430029,207.870826,,9,speed_benchmark
17.808219,13.681507,21.232877,17.60274,2.295008,0.449813,623.287671,578.767123,654.109589,618.458904,24.396784,4.781682,20.547945,10.10274,34.246575,20.376712,8.630552,1.691557,207.837894,,9,speed_onset
18.493151,15.068493,22.277397,18.503425,2.252522,0.441486,613.013699,578.59589,657.705479,618.59589,23.514344,4.608727,20.547945,6.849315,34.417808,20.890411,8.902513,1.74486,208.26838,,9,speed_onset_benchmark
11.727079,10.229211,13.006397,11.681237,0.962565,0.188659,602.345416,583.15565,621.535181,601.236674,11.193563,2.193898,14.925373,9.488273,20.309168,14.520256,3.933269,0.770907,178.123679,,10,base
13.646055,12.153518,15.570362,13.784648,1.115512,0.218636,599.680171,579.904051,616.63113,599.584222,11.547129,2.263196,17.057569,10.660981,24.573561,17.420043,4.352907,0.853154,177.297316,,10,benchmark
17.803838,15.453092,20.047974,17.608742,1.408242,0.27601,603.944563,584.221748,623.773987,604.253731,12.107404,2.373008,22.38806,14.925373,31.982942,22.579957,5.188344,1.016897,177.995838,,10,onset
20.469083,18.976546,22.601279,20.623667,1.128799,0.221241,601.279318,583.049041,626.918977,603.230277,13.108803,2.569278,26.652452,14.925373,35.234542,26.353945,5.720239,1.121146,176.541501,,10,onset_benchmark
12.260128,10.8742,13.752665,12.391258,0.907004,0.17777,601.279318,580.65032,623.773987,601.428571,13.811579,2.70702,17.057569,9.594883,24.573561,17.292111,4.382766,0.859006,166.605644,,10,speed
14.925373,12.894456,16.860341,14.908316,1.116666,0.218863,603.411514,585.287846,623.667377,603.166311,10.918321,2.139952,19.722814,13.80597,25.639659,20.042644,4.272461,0.837387,167.02496,,10,speed_benchmark
18.869936,16.311301,20.591684,18.798507,1.28022,0.250918,599.147122,575.692964,623.667377,600.458422,13.106876,2.568901,26.652452,19.136461,36.247335,26.52452,5.394247,1.057253,165.945976,,10,speed_onset
21.908316,20.143923,23.987207,21.950959,1.18236,0.231738,600.21322,577.665245,621.588486,600.053305,13.761912,2.697285,29.850746,22.38806,39.498934,30.063966,5.480226,1.074104,165.643896,,10,speed_onset_benchmark
12.920269,11.239193,14.707012,12.966378,1.071783,0.210066,574.447646,554.274736,593.707973,573.51585,11.237866,2.202581,16.330451,11.479347,23.102786,16.753122,4.246506,0.8323,167.564185,,11,base
16.810759,14.985591,18.544669,16.680115,1.132467,0.22196,573.487032,555.235351,590.105668,572.881844,11.7124,2.295588,20.172911,14.361191,27.857829,21.066282,4.827763,0.946224,168.870813,,11,benchmark
21.133525,19.6878,23.631124,21.42171,1.282347,0.251335,573.967339,552.353506,591.882805,573.76561,12.363315,2.423165,25.936599,18.251681,35.590778,26.522574,5.077399,0.995152,169.066532,,11,onset
27.617675,25.931796,29.884726,27.679155,1.266992,0.248326,574.447646,557.108549,592.699328,573.756004,11.404691,2.235278,35.542747,26.849183,44.18828,35.052834,5.422888,1.062867,169.929774,,11,onset_benchmark
13.544669,11.801153,15.182517,13.419789,1.079454,0.211569,574.927954,555.235351,592.747358,574.39001,11.263024,2.207512,16.330451,9.606148,24.01537,16.916427,4.199215,0.823031,159.383934,,11,speed
17.435159,16.133525,19.308357,17.516811,1.00485,0.196947,578.290106,555.235351,594.668588,576.503362,12.159373,2.383193,22.09414,16.330451,30.739673,22.536023,4.661094,0.913558,160.938211,,11,speed_benchmark
22.430355,20.936599,24.495677,22.587896,1.142424,0.223911,576.368876,559.07781,594.668588,576.810759,11.521247,2.258123,30.739673,22.09414,40.393852,30.518732,5.152044,1.009782,161.046462,,11,speed_onset
29.346782,27.372719,31.512968,29.388088,1.224054,0.23991,574.447646,559.07781,589.817483,574.341979,9.939861,1.948177,38.424592,30.739673,51.873199,39.481268,6.59413,1.292426,162.252779,,11,speed_onset_benchmark
8.712871,6.524752,10.693069,8.574257,1.293919,0.253603,611.881188,584.158416,639.70297,612.237624,16.883385,3.309083,9.90099,3.861386,17.821782,10.0,4.187649,0.820764,198.456807,,12,base
10.891089,8.891089,13.267327,10.871287,1.285011,0.251858,610.891089,582.178218,635.643564,609.980198,16.581672,3.249948,13.861386,5.940594,21.782178,13.782178,4.511334,0.884205,198.246325,,12,benchmark
12.574257,10.287129,14.871287,12.445545,1.507122,0.29539,613.861386,588.019802,635.742574,612.217822,15.271405,2.99314,13.861386,7.821782,23.861386,15.049505,5.288023,1.036434,197.57106,,12,onset
15.544554,12.861386,17.643564,15.411881,1.498868,0.293773,609.90099,585.841584,643.564356,612.950495,18.310508,3.588794,17.821782,7.920792,27.821782,17.742574,5.822203,1.141131,197.533229,,12,onset_benchmark
9.108911,7.514851,11.683168,9.190099,1.282418,0.251349,609.90099,580.19802,637.821782,609.465347,18.045029,3.536761,11.881188,5.940594,19.80198,12.752475,4.354071,0.853382,185.223321,,12,speed
11.089109,9.108911,13.663366,11.217822,1.367982,0.26812,609.90099,582.178218,633.663366,609.940594,15.203626,2.979856,13.861386,5.841584,23.762376,13.881188,5.373433,1.053173,182.103251,,12,speed_benchmark
13.366337,11.287129,16.049505,13.467327,1.528551,0.29959,609.90099,586.039604,641.683168,611.80198,17.413555,3.412994,17.821782,9.80198,29.70297,18.19802,6.247339,1.224456,182.008229,,12,speed_onset
16.633663,14.049505,19.811881,16.605941,1.832262,0.359117,611.881188,576.138614,639.70297,609.089109,18.415497,3.609371,21.782178,9.90099,35.643564,22.613861,7.946652,1.557515,183.641815,,12,speed_onset_benchmark
10.932945,8.892128,13.141399,11.011662,1.356186,0.265808,602.040816,580.174927,623.979592,601.311953,14.603005,2.862136,14.577259,7.28863,21.938776,14.344023,4.826821,0.94604,181.590238,,13,base
12.099125,10.495627,13.709913,12.074344,0.988907,0.193822,604.956268,579.664723,623.906706,603.090379,14.939516,2.928091,15.306122,7.28863,24.781341,15.495627,4.826532,0.945983,181.271283,,13,benchmark
13.19242,11.370262,15.029155,13.189504,1.164796,0.228296,604.227405,581.559767,626.96793,604.314869,14.998651,2.939682,17.492711,10.131195,26.239067,17.492711,5.245686,1.028136,182.465579,,13,onset
14.577259,12.973761,17.208455,14.857143,1.314108,0.25756,605.685131,580.029155,625.364431,604.387755,14.333586,2.809331,20.408163,10.204082,27.696793,19.562682,5.262762,1.031482,182.521431,,13,onset_benchmark
11.516035,9.897959,13.702624,11.607872,1.225179,0.240131,603.498542,581.632653,625.364431,604.41691,13.885978,2.721602,14.577259,8.746356,23.323615,15.087464,4.440757,0.870372,168.146071,,13,speed
12.973761,11.508746,15.16035,13.087464,1.173077,0.229919,603.498542,575.801749,625.364431,601.574344,15.000883,2.940119,17.492711,10.204082,26.311953,18.119534,5.038029,0.987436,168.589306,,13,speed_benchmark
14.285714,12.099125,16.202624,14.313411,1.206651,0.236499,605.685131,583.017493,634.183673,605.466472,15.603336,3.058198,20.408163,11.661808,27.769679,19.897959,5.051305,0.990037,168.231111,,13,speed_onset
16.034985,13.542274,17.930029,15.994169,1.256391,0.246248,604.956268,579.956268,623.906706,603.075802,13.905503,2.725428,23.323615,14.504373,30.612245,22.332362,5.406405,1.059636,170.034768,,13,speed_onset_benchmark
12.4834,10.491368,14.209827,12.432935,1.114589,0.218455,600.265604,576.22842,625.498008,599.760956,15.199054,2.97896,15.936255,7.901726,23.904382,16.082337,5.022117,0.984317,190.534588,,14,base
15.60425,13.545817,17.669323,15.564409,1.289362,0.25271,599.601594,577.423639,622.908367,599.256308,14.178281,2.778892,18.592297,9.296149,25.232404,17.795485,4.849248,0.950435,189.364062,,14,benchmark
15.272244,13.671979,17.138114,15.354582,1.187485,0.232743,600.265604,577.689243,625.564409,601.500664,14.925221,2.92529,18.592297,11.952191,26.626826,18.486056,4.92825,0.965919,190.395886,,14,onset
19.123506,16.726428,20.717131,19.003984,1.307677,0.2563,600.265604,577.49004,625.63081,600.451527,15.289318,2.996651,21.24834,11.952191,29.282869,21.567065,5.675648,1.112407,190.839118,,14,onset_benchmark
13.545817,11.281541,15.278884,13.487384,1.267389,0.248404,600.265604,580.278884,621.580345,600.02656,13.918655,2.728006,17.264276,10.557769,24.037185,17.556441,4.851378,0.950853,179.822177,,14,speed
17.131474,14.734396,19.256308,17.050465,1.368049,0.268133,600.265604,576.294821,622.974768,599.641434,13.867461,2.717972,21.24834,13.280212,30.544489,21.394422,5.216981,1.022509,179.918562,,14,speed_benchmark
16.998672,15.00664,19.262948,17.039841,1.253875,0.245755,601.593625,580.345286,625.498008,601.407703,14.520803,2.846025,21.24834,10.62417,30.61089,21.328021,5.956523,1.167457,179.875461,,14,speed_onset
20.982736,18.851262,22.974768,20.837981,1.341514,0.262932,602.921647,573.638778,621.513944,600.982736,14.684763,2.878161,25.232404,17.131474,35.989376,25.710491,6.281715,1.231193,179.445161,,14,speed_onset_benchmark
9.320695,7.740916,11.058452,9.442338,1.145122,0.22444,590.047393,560.505529,617.851501,589.131122,18.510159,3.627925,9.478673,3.159558,15.876777,9.968404,4.180878,0.819437,190.072399,,15,base
12.638231,10.576619,14.699842,12.663507,1.264565,0.24785,587.677725,567.061611,616.192733,588.941548,15.000548,2.940053,14.218009,7.819905,22.116904,14.249605,4.709883,0.92312,190.597917,,15,benchmark
9.794629,8.041074,12.014218,9.900474,1.249995,0.244995,590.837283,559.241706,617.772512,589.510269,17.026173,3.337069,9.478673,4.739336,15.797788,9.85782,3.60049,0.705683,190.195951,,15,onset
14.060032,11.682464,16.271722,14.07109,1.347475,0.2641,587.677725,567.1406,616.113744,587.330174,14.516436,2.845169,15.797788,9.478673,26.85624,16.192733,5.042785,0.988368,190.417904,,15,onset_benchmark
9.636651,7.740916,11.848341,9.685624,1.184689,0.232195,590.837283,566.982622,613.112164,590.189573,15.357772,3.010068,9.478673,3.159558,17.377567,10.458136,4.021586,0.788216,179.538511,,15,speed
13.586098,11.532385,15.481833,13.510269,1.27405,0.249709,590.837283,567.1406,614.612954,590.947867,14.635211,2.868449,16.587678,9.399684,25.276461,16.698262,5.091936,0.998001,179.291808,,15,speed_benchmark
10.584518,8.688784,12.330174,10.524487,1.15497,0.22637,584.518167,560.821485,619.273302,586.224329,16.657901,3.264889,12.638231,6.319115,20.616114,12.71722,4.430755,0.868412,178.716504,,15,speed_onset
14.849921,12.638231,17.377567,14.842022,1.404295,0.275237,587.677725,560.821485,609.794629,586.240126,14.48604,2.839212,18.957346,12.638231,28.515008,19.415482,5.338648,1.046356,179.472126,,15,speed_onset_benchmark
11.893204,9.696602,14.320388,11.900485,1.591221,0.311873,661.407767,630.946602,694.174757,661.262136,19.156205,3.754547,12.135922,4.854369,19.417476,11.699029,4.846763,0.949948,204.373849,,16,base
15.291262,12.135922,17.985437,15.228155,1.825365,0.357765,657.76699,618.81068,687.014563,656.116505,21.449855,4.204094,15.776699,4.854369,26.820388,16.407767,7.045806,1.380953,203.493741,,16,benchmark
12.378641,10.182039,14.805825,12.563107,1.40266,0.274916,663.834951,628.519417,696.966019,661.407767,23.004316,4.508763,12.135922,4.854369,21.84466,12.669903,5.339806,1.046583,202.452625,,16,onset
16.019417,13.834951,18.68932,16.080097,1.606451,0.314859,663.834951,618.932039,704.004854,662.354369,23.876089,4.679627,18.203883,9.587379,26.699029,18.106796,5.959559,1.168052,202.393816,,16,onset_benchmark
13.106796,10.679612,15.315534,13.135922,1.59601,0.312812,662.621359,623.786408,694.417476,660.436893,21.457123,4.205519,14.563107,7.281553,24.271845,15.679612,5.828307,1.142327,190.512251,,16,speed
16.990291,14.053398,19.429612,16.808252,1.681028,0.329475,660.194175,635.92233,689.441748,660.631068,17.884003,3.5052,19.417476,9.708738,33.980583,19.805825,7.076146,1.386899,192.691163,,16,speed_benchmark
13.956311,11.395631,16.747573,13.90534,1.631416,0.319752,657.76699,618.81068,699.029126,658.713592,22.550766,4.419869,16.990291,7.281553,26.699029,16.237864,6.149012,1.205184,191.753797,,16,speed_onset
17.475728,15.048544,20.643204,17.735437,1.761875,0.345321,661.407767,626.092233,691.747573,657.88835,20.587757,4.035126,21.84466,9.708738,31.553398,20.898058,7.177802,1.406823,190.222058,,16,speed_onset_benchmark
12.235067,10.183044,14.258189,12.200385,1.361582,0.266865,628.131021,601.05973,651.445087,626.647399,15.607321,3.058979,15.414258,5.780347,23.217726,14.585742,5.430842,1.064425,187.349927,,17,base
13.102119,10.761079,15.038536,12.882466,1.478093,0.289701,628.131021,600.963391,653.179191,628.073218,16.110041,3.15751,15.414258,7.707129,23.121387,15.240848,4.599681,0.901521,184.329721,,17,benchmark
12.716763,10.973025,15.799615,13.007707,1.473386,0.288778,631.021195,597.302505,653.564547,628.458574,17.998007,3.527544,15.414258,7.61079,26.974952,15.529865,5.50331,1.078629,187.494897,,17,onset
14.065511,11.94605,15.809249,13.982659,1.30688,0.256144,630.057803,602.793834,651.252408,627.764933,16.867909,3.306049,16.377649,7.61079,25.144509,16.859345,5.89517,1.155432,184.967702,,17,onset_benchmark
13.294798,11.753372,15.799615,13.475915,1.272737,0.249452,630.057803,597.302505,653.27553,628.477842,17.465757,3.423225,17.34104,9.633911,28.901734,18.882466,6.123716,1.200226,168.423967,,17,speed
14.643545,11.94605,16.396917,14.466281,1.373319,0.269166,623.314066,593.352601,651.252408,624.971098,18.092488,3.546062,21.194605,13.487476,30.828516,20.963391,5.634351,1.104313,167.096689,,17,speed_benchmark
14.258189,11.94605,16.416185,14.287091,1.418635,0.278047,630.057803,604.913295,659.055877,630.539499,17.234481,3.377896,18.304432,9.633911,30.828516,19.306358,6.068229,1.189351,167.41109,,17,speed_onset
15.414258,13.092486,18.314066,15.508671,1.599567,0.313509,628.131021,599.229287,657.032755,628.998073,17.736326,3.476256,20.231214,11.464355,28.998073,20.096339,5.817562,1.140221,166.639387,,17,speed_onset_benchmark
14.502762,12.292818,16.167127,14.46547,1.154082,0.226196,671.270718,644.889503,696.201657,669.875691,15.655616,3.068444,17.955801,12.430939,26.243094,18.674033,4.585094,0.898662,202.479563,,18,base
12.430939,10.214088,14.509669,12.312155,1.242864,0.243597,672.651934,644.889503,694.820442,671.118785,15.405471,3.019417,15.19337,6.906077,24.930939,15.469613,5.587292,1.095089,197.889989,,18,benchmark
14.364641,12.569061,16.864641,14.437845,1.373444,0.26919,668.508287,647.720994,689.226519,669.074586,13.503292,2.646597,17.955801,9.599448,27.624309,18.190608,5.43716,1.065664,201.51195,,18,onset
12.569061,10.635359,14.668508,12.64779,1.215466,0.238227,667.81768,646.40884,693.646409,669.074586,14.842551,2.909087,15.19337,6.906077,23.480663,15.497238,4.479222,0.877911,199.729453,,18,onset_benchmark
14.917127,12.569061,16.98895,14.821823,1.299066,0.254612,671.270718,646.40884,696.201657,671.79558,14.651357,2.871613,20.718232,12.361878,27.69337,19.958564,5.272777,1.033445,194.283499,,18,speed
12.983425,11.187845,14.661602,12.955801,1.134402,0.222339,669.889503,647.790055,697.582873,670.110497,16.189606,3.173104,16.574586,8.287293,24.861878,16.726519,4.969953,0.974093,193.31637,,18,speed_benchmark
15.055249,12.976519,17.548343,15.060773,1.376453,0.26978,672.651934,647.790055,697.582873,672.541436,15.254356,2.989799,20.718232,12.430939,30.38674,20.096685,5.116979,1.002909,194.054184,,18,speed_onset
12.983425,11.325967,15.062155,13.118785,1.199462,0.23509,669.889503,644.958564,689.226519,668.301105,14.168046,2.776886,16.574586,9.668508,24.861878,16.533149,4.538522,0.889534,194.783583,,18,speed_onset_benchmark
13.977072,12.517637,16.049383,14.07231,1.090386,0.213712,587.742504,572.266314,604.056437,587.918871,11.430221,2.240282,16.313933,10.582011,22.92769,16.243386,3.843172,0.753248,184.31455,,19,base
14.638448,12.773369,16.406526,14.63933,1.029646,0.201807,588.183422,571.428571,606.70194,588.56261,11.23319,2.201665,16.75485,10.537919,24.73545,16.992945,4.395531,0.861508,183.134208,,19,benchmark
14.109347,12.07231,15.961199,14.034392,1.135498,0.222554,590.828924,572.266314,603.218695,588.650794,9.798434,1.920458,15.873016,9.700176,22.045855,16.287478,3.96247,0.77663,182.627094,,19,onset
14.858907,13.051146,16.137566,14.775132,0.939485,0.184136,587.742504,568.650794,607.583774,588.61552,11.990309,2.350057,17.636684,11.463845,23.809524,17.777778,3.794921,0.743791,182.450454,,19,onset_benchmark
14.594356,12.958554,16.06261,14.507055,0.999058,0.195812,588.183422,569.57672,612.12522,589.620811,12.443057,2.438794,17.636684,11.463845,23.809524,17.292769,3.838499,0.752332,178.982801,,19,speed
14.991182,13.395062,16.318342,14.940035,0.939803,0.184198,588.624339,571.38448,605.952381,588.5097,10.45405,2.048956,16.75485,11.463845,22.971781,17.398589,3.651751,0.71573,177.423074,,19,speed_benchmark
14.329806,12.954145,15.886243,14.277778,0.871449,0.170801,587.301587,573.19224,607.760141,588.686067,10.877223,2.131896,18.518519,13.183422,24.73545,18.527337,3.706492,0.726459,178.898732,,19,speed_onset
14.94709,13.399471,16.507937,14.943563,0.919887,0.180295,587.301587,565.255732,607.671958,587.574956,11.85671,2.323872,18.959436,12.345679,24.691358,19.021164,4.038651,0.791561,177.048085,,19,speed_onset_benchmark
10.958904,7.762557,14.178082,11.136986,2.037833,0.399408,611.872146,565.981735,653.196347,610.410959,28.841885,5.652906,13.69863,4.3379,31.96347,13.926941,8.396506,1.645685,161.570257,,20,base
12.785388,10.022831,18.26484,13.488584,2.646206,0.518647,607.305936,561.643836,653.424658,608.90411,27.940549,5.476247,18.26484,4.56621,36.757991,19.086758,9.936045,1.947429,160.070293,,20,benchmark
15.525114,10.479452,19.634703,15.13242,2.604168,0.510407,611.872146,570.547945,652.968037,610.410959,26.782142,5.249203,18.26484,4.56621,36.52968,19.360731,8.948849,1.753942,159.494223,,20,onset
18.721461,14.589041,22.83105,18.712329,2.589537,0.50754,607.305936,552.511416,652.968037,605.936073,28.70002,5.625101,22.83105,9.13242,45.890411,26.621005,12.212052,2.393518,160.841186,,20,onset_benchmark
10.958904,8.219178,14.155251,10.949772,2.034818,0.398817,611.872146,570.776256,648.401826,609.497717,23.708786,4.646837,13.69863,4.56621,31.96347,15.570776,7.681828,1.505611,154.034076,,20,speed
13.242009,10.045662,17.374429,13.534247,2.261807,0.443306,611.872146,566.210046,653.196347,609.041096,27.800031,5.448706,18.26484,4.56621,32.191781,19.634703,8.170863,1.60146,152.782042,,20,speed_benchmark
15.525114,11.415525,19.178082,15.159817,2.439632,0.478159,611.872146,570.776256,657.534247,614.155251,27.20053,5.331206,22.83105,4.56621,36.52968,21.598174,9.105976,1.784739,153.132773,,20,speed_onset
18.721461,14.155251,23.310502,18.625571,2.761391,0.541223,607.305936,561.415525,648.401826,605.296804,27.345861,5.35969,27.39726,9.13242,50.456621,28.219178,12.044042,2.360589,155.026258,,20,speed_onset_benchmark
10.944596,9.355132,12.811081,10.918256,1.026554,0.201201,562.216167,544.050863,576.021798,561.444142,10.776453,2.112146,13.623978,9.037239,19.073569,13.496821,3.288813,0.644595,168.818175,,21,base
13.351499,11.989101,15.354223,13.498638,1.054067,0.206593,563.124432,544.00545,583.197094,562.824705,11.529332,2.259708,17.257039,10.808356,25.476839,17.420527,4.728093,0.926689,169.254612,,21,benchmark
12.80654,11.076294,14.718438,12.750227,1.094022,0.214424,561.307902,547.63851,578.564941,563.024523,9.930178,1.946279,16.348774,9.990917,23.660309,16.612171,4.171783,0.817654,167.882627,,21,onset
16.076294,14.259764,17.815622,16.031789,1.051194,0.20603,564.48683,548.501362,580.426885,565.140781,9.970112,1.954106,20.8901,14.441417,27.247956,20.817439,4.180532,0.819369,168.772973,,21,onset_benchmark
11.126249,9.900091,12.811081,11.290645,0.911991,0.178747,563.124432,544.777475,582.198002,562.779292,11.036529,2.16312,15.440509,9.990917,21.798365,15.613079,3.429404,0.672151,159.756601,,21,speed
14.35059,12.715713,15.899183,14.331517,0.990531,0.19414,563.578565,546.684832,585.831063,564.150772,12.442564,2.438698,19.073569,12.715713,25.431426,19.019074,3.700824,0.725348,159.823785,,21,speed_benchmark
13.533152,12.252498,14.995459,13.509537,0.935082,0.183273,563.578565,544.913715,584.105359,564.922797,12.350693,2.420691,17.257039,9.945504,24.523161,16.911898,4.236172,0.830274,159.244538,,21,speed_onset
16.84832,14.981835,18.896458,16.802906,1.133688,0.222199,562.216167,543.914623,593.097184,563.778383,13.829512,2.710535,23.160763,16.348774,30.881017,23.251589,4.781753,0.937206,159.211776,,21,speed_onset_benchmark
13.772455,12.142857,15.235244,13.784431,0.955978,0.187368,603.079555,583.404619,617.664671,601.830624,10.622189,2.081911,17.964072,11.976048,24.807528,17.74166,3.636656,0.712771,168.564448,,22,base
15.996578,14.195894,17.45509,15.886228,0.96531,0.189197,600.513259,587.596236,618.520103,601.796407,11.49002,2.252002,20.530368,14.499572,28.272027,20.239521,4.137885,0.811011,169.100649,,22,benchmark
15.911035,14.358426,17.45509,15.94012,1.0613,0.208011,598.802395,582.506416,617.664671,600.419162,10.695333,2.096247,20.530368,14.542344,29.127459,20.838323,4.330435,0.84875,168.385171,,22,onset
18.819504,17.279726,20.615911,18.819504,0.994257,0.194871,600.513259,580.795552,616.85201,600.153978,11.182709,2.191771,23.952096,16.253208,30.795552,23.815227,4.433666,0.868983,168.47402,,22,onset_benchmark
13.815227,12.318221,15.573139,13.890505,1.014479,0.198834,597.946963,580.795552,618.562874,599.349872,11.983773,2.348776,18.819504,12.788708,25.705731,19.136014,4.099182,0.803425,163.431935,,22,speed
16.552609,14.62361,18.396065,16.526946,1.145103,0.224436,604.362703,587.553464,623.609923,604.841745,11.098207,2.175209,21.813516,16.253208,27.373824,22.035928,3.655914,0.716546,164.786295,,22,speed_benchmark
16.595381,14.88024,18.396065,16.586826,1.110998,0.217752,600.513259,584.21728,619.461078,601.668092,10.957152,2.147562,22.241232,14.542344,27.416595,21.668092,4.189077,0.821044,164.544095,,22,speed_onset
19.503849,18.041061,21.650984,19.5355,1.112803,0.218105,599.657827,582.549187,617.792985,600.230967,11.848882,2.322338,26.946108,20.487596,36.013687,27.408041,4.766598,0.934236,165.140799,,22,speed_onset_benchmark
12.276786,10.256696,14.732143,12.404018,1.513333,0.296608,620.535714,593.75,647.321429,619.464286,15.972166,3.130487,15.625,6.696429,24.553571,15.15625,5.516135,1.081143,182.836059,,23,base
15.401786,13.392857,18.303571,15.600446,1.461097,0.28637,619.419643,591.40625,645.089286,616.428571,17.477475,3.425522,20.089286,8.928571,26.897321,19.754464,5.913147,1.158955,183.452432,,23,benchmark
16.741071,13.839286,19.229911,16.651786,1.812013,0.355148,618.303571,591.40625,645.089286,618.4375,17.052169,3.342164,20.089286,8.928571,33.482143,21.428571,7.290148,1.428843,183.305666,,23,onset
21.540179,18.75,24.787946,21.725446,1.949311,0.382058,618.303571,591.40625,642.857143,617.65625,17.593927,3.448346,29.017857,15.625,37.946429,27.455357,7.140179,1.399449,184.129879,,23,onset_benchmark
12.946429,10.926339,15.412946,13.089286,1.538814,0.301602,618.303571,582.589286,649.553571,617.589286,19.800056,3.88074,17.857143,6.696429,26.897321,17.276786,6.452383,1.264644,170.528123,,23,speed
16.294643,13.392857,18.984375,16.227679,1.725951,0.33828,614.955357,584.821429,651.785714,615.267857,21.053261,4.126363,22.321429,10.9375,33.482143,22.165179,7.039057,1.37963,170.999219,,23,speed_benchmark
16.964286,14.051339,19.654018,17.0625,1.683683,0.329996,616.071429,593.638393,645.200893,616.919643,18.213713,3.569822,22.321429,13.392857,33.59375,23.4375,6.325399,1.239756,171.142216,,23,speed_onset
21.540179,18.526786,26.127232,21.872768,2.316996,0.454123,614.955357,586.941964,645.535714,615.3125,19.452179,3.812557,31.25,17.857143,42.522321,30.736607,8.272324,1.621346,170.519535,,23,speed_onset_benchmark
17.201835,14.220183,19.736239,17.18578,1.652397,0.323864,580.275229,548.165138,612.729358,581.651376,19.740874,3.86914,22.93578,11.46789,32.110092,22.224771,6.582314,1.29011,176.754589,,24,base
17.431193,14.896789,20.412844,17.493119,1.702011,0.333588,587.155963,557.33945,619.610092,587.522936,18.870351,3.698521,18.348624,9.174312,32.224771,19.633028,6.948512,1.361883,175.495831,,24,benchmark
17.889908,15.366972,20.665138,18.071101,1.700274,0.333248,584.862385,550.458716,612.5,585.573394,18.353532,3.597226,20.642202,13.761468,32.110092,21.949541,6.49749,1.273485,175.351275,,24,onset
18.119266,15.366972,20.642202,18.162844,1.596608,0.31293,584.862385,557.224771,614.678899,585.275229,18.634199,3.652236,20.642202,11.46789,32.110092,20.619266,6.580699,1.289793,175.770299,,24,onset_benchmark
17.431193,14.449541,20.183486,17.490826,1.750572,0.343106,579.12844,552.522936,614.793578,582.018349,20.904693,4.097245,22.93578,11.46789,34.40367,23.027523,7.266983,1.424303,171.713743,,24,speed
17.66055,15.137615,20.183486,17.669725,1.567463,0.307217,584.862385,550.344037,610.091743,583.279817,18.6465,3.654647,22.93578,11.46789,32.224771,22.545872,6.728895,1.318839,171.941393,,24,speed_benchmark
18.004587,14.896789,20.65367,17.727064,1.729094,0.338896,589.449541,559.633028,614.678899,587.591743,16.656701,3.264653,20.642202,11.46789,38.990826,22.912844,7.662581,1.501838,171.941692,,24,speed_onset
17.66055,15.366972,21.330275,17.965596,1.964118,0.38496,581.422018,550.229358,614.793578,581.949541,19.200122,3.763155,22.93578,11.46789,36.697248,22.93578,6.938411,1.359904,170.380329,,24,speed_onset_benchmark
15.628539,13.91846,17.214043,15.479049,1.091361,0.213903,552.661382,533.408834,575.311438,552.797282,12.598972,2.469353,19.252548,12.457531,27.180068,18.935447,4.437786,0.86979,166.739796,,25,base
17.497169,15.390713,19.269536,17.402039,1.298178,0.254438,556.05889,534.484711,576.500566,555.730464,13.845305,2.71363,21.517554,13.590034,30.577576,21.109853,5.320487,1.042796,168.795705,,25,benchmark
17.440544,15.283126,19.14496,17.379388,1.261042,0.24716,553.793884,533.352208,571.91393,553.556059,12.212602,2.393626,21.517554,14.722537,29.445074,21.234428,4.641252,0.909669,167.405446,,25,onset
19.252548,17.661382,21.183465,19.371461,1.148223,0.225048,556.05889,534.484711,572.02718,554.881087,12.146255,2.380622,23.782559,15.85504,29.445074,23.465459,4.243792,0.831768,168.525886,,25,onset_benchmark
15.741789,13.703284,17.667044,15.705549,1.23493,0.242042,550.962627,532.219706,570.781427,551.483579,11.959226,2.343965,20.385051,12.457531,28.312571,20.260476,4.750284,0.931039,162.276089,,25,speed
17.383918,14.949037,19.263873,17.381653,1.299501,0.254697,553.793884,531.143828,583.295583,554.360136,16.07374,3.150395,21.517554,13.590034,32.842582,22.468856,5.453241,1.068816,162.4174,,25,speed_benchmark
17.553794,15.843715,19.716874,17.635334,1.299461,0.25469,553.793884,535.673839,573.046433,553.87316,12.099592,2.371476,21.517554,13.590034,29.445074,21.755379,5.078233,0.995315,162.73257,,25,speed_onset
19.479049,17.548131,21.647792,19.492639,1.311884,0.257124,553.793884,528.878822,574.292186,552.593431,14.096165,2.762798,24.348811,18.120045,33.975085,24.756512,5.319269,1.042558,163.052177,,25,speed_onset_benchmark
8.082707,6.203008,10.150376,8.210526,1.219028,0.238925,625.93985,597.556391,656.015038,625.620301,18.067122,3.541091,9.398496,3.759398,16.917293,9.718045,3.972244,0.778546,182.454813,,26,base
12.12406,10.140977,14.285714,12.259398,1.347967,0.264197,629.699248,599.43609,654.229323,627.763158,17.124781,3.356395,15.037594,7.518797,24.43609,15.093985,4.994378,0.97888,183.338467,,26,benchmark
11.842105,10.131579,14.285714,12.015038,1.442385,0.282702,627.819549,601.315789,652.443609,627.011278,16.908335,3.313973,15.037594,5.639098,24.530075,14.981203,5.555923,1.088941,183.473086,,26,onset
18.045113,15.949248,20.87406,18.146617,1.516856,0.297298,627.819549,597.650376,654.229323,627.274436,17.395327,3.409421,22.556391,14.943609,33.928571,23.25188,6.102074,1.195984,182.639672,,26,onset_benchmark
8.646617,6.37218,10.714286,8.522556,1.283584,0.251578,629.699248,603.383459,656.109023,628.101504,16.719678,3.276997,9.398496,3.759398,16.917293,10.244361,3.902631,0.764902,174.81656,,26,speed
12.218045,10.328947,14.671053,12.383459,1.261727,0.247294,626.879699,595.864662,656.015038,627.988722,19.426489,3.807522,15.037594,7.518797,22.556391,15.357143,4.948432,0.969875,174.622126,,26,speed_benchmark
12.781955,10.319549,14.859023,12.693609,1.438613,0.281963,624.06015,597.744361,652.255639,624.736842,16.934204,3.319043,16.917293,9.304511,26.315789,17.255639,5.238008,1.026631,176.195428,,26,speed_onset
18.984962,16.353383,21.43797,18.860902,1.671508,0.327609,625.93985,597.650376,650.56391,626.090226,16.820351,3.296728,26.315789,14.943609,37.593985,25.488722,7.050018,1.381778,175.813245,,26,speed_onset_benchmark
10.823171,8.231707,13.414634,10.789634,1.579085,0.309495,652.439024,618.445122,686.128049,652.865854,22.983172,4.504619,9.146341,3.04878,21.341463,10.97561,5.73248,1.123546,191.284914,,27,base
15.243902,12.164634,18.307927,15.198171,2.093673,0.410352,658.536585,618.75,689.02439,654.847561,22.384143,4.387211,15.243902,6.097561,30.487805,17.317073,7.428627,1.455984,192.284691,,27,benchmark
10.670732,8.82622,13.429878,10.929878,1.587079,0.311062,652.439024,624.847561,689.02439,654.329268,20.631378,4.043676,12.195122,3.04878,24.390244,12.652439,5.994682,1.174936,190.521876,,27,onset
15.396341,12.804878,18.597561,15.39939,1.740634,0.341158,655.487805,621.95122,686.128049,654.847561,20.206114,3.960325,15.243902,6.097561,27.439024,16.676829,6.375399,1.249555,191.621317,,27,onset_benchmark
10.97561,8.216463,13.719512,10.914634,1.710438,0.33524,652.439024,615.70122,685.97561,653.567073,22.515298,4.412917,12.195122,3.04878,21.493902,12.835366,6.102102,1.19599,188.671682,,27,speed
16.463415,12.5,20.121951,16.454268,2.157753,0.422912,655.487805,621.95122,685.97561,652.835366,18.822175,3.689078,21.341463,9.146341,30.487805,20.030488,7.044257,1.380649,188.796773,,27,speed_benchmark
11.280488,8.521341,13.719512,11.04878,1.677806,0.328844,649.390244,618.75,686.128049,650.731707,21.012582,4.11839,12.195122,6.097561,24.542683,12.682927,6.169811,1.209261,187.66665,,27,speed_onset
15.853659,13.094512,18.628049,15.990854,1.690214,0.331276,655.487805,624.847561,689.02439,656.707317,21.175843,4.150389,19.817073,6.097561,33.536585,19.664634,8.724731,1.710016,187.215567,,27,speed_onset_benchmark
10.447761,8.80597,12.246269,10.401493,1.081435,0.211957,614.925373,590.970149,635.895522,615.462687,14.664569,2.874203,11.940299,4.402985,20.895522,11.895522,4.774117,0.93571,201.916922,,28,base
12.686567,11.037313,14.925373,12.764179,1.316547,0.258039,614.925373,583.58209,635.820896,613.880597,15.38198,3.014813,14.179104,7.38806,20.970149,14.149254,4.774235,0.935733,202.050704,,28,benchmark
10.597015,8.798507,12.537313,10.573134,1.102867,0.216158,613.432836,588.059701,639.104478,613.686567,15.558782,3.049465,11.940299,5.895522,19.402985,12.014925,4.244789,0.831963,201.402176,,28,onset
12.985075,10.895522,15.231343,12.977612,1.250614,0.245116,617.910448,592.38806,641.940299,616.731343,15.368508,3.012172,13.432836,7.462687,22.38806,14.134328,4.797625,0.940317,203.709273,,28,onset_benchmark
12.238806,10.0,14.485075,12.31791,1.320979,0.258907,616.41791,592.537313,644.850746,617.567164,16.000554,3.136051,14.925373,7.462687,22.38806,14.58209,4.804187,0.941603,179.229651,,28,speed
14.925373,13.134328,17.171642,14.99403,1.307619,0.256289,617.910448,595.447761,635.895522,617.686567,12.958569,2.539833,17.910448,10.373134,26.865672,18.268657,5.371459,1.052787,179.793444,,28,speed_benchmark
12.537313,10.149254,14.179104,12.395522,1.254925,0.245961,615.671642,590.895522,635.895522,615.462687,14.541297,2.850042,14.925373,10.373134,25.373134,16.358209,4.785721,0.937984,180.735114,,28,speed_onset
15.149254,12.985075,17.313433,15.186567,1.28417,0.251693,617.164179,589.552239,634.402985,615.447761,14.324361,2.807523,19.402985,10.447761,28.358209,19.0,5.015014,0.982925,181.089363,,28,speed_onset_benchmark
10.247934,8.429752,12.07438,10.315702,1.053296,0.206442,624.793388,596.528926,651.239669,624.280992,16.048954,3.145537,10.743802,3.305785,19.834711,10.694215,4.805808,0.941921,207.265003,,29,base
12.561983,11.057851,15.049587,12.738843,1.258642,0.246689,625.619835,598.264463,646.528926,624.016529,15.92945,3.122115,13.22314,6.61157,19.834711,13.38843,4.82898,0.946463,206.733134,,29,benchmark
15.53719,13.545455,17.198347,15.436364,1.22117,0.239345,624.793388,601.570248,651.239669,626.082645,16.170383,3.169337,16.528926,8.181818,24.876033,15.900826,5.246825,1.028359,206.318885,,29,onset
19.008264,16.68595,21.322314,18.955372,1.438827,0.282005,627.272727,604.710744,653.057851,626.694215,15.316363,3.001952,20.661157,13.22314,29.752066,21.041322,5.335877,1.045813,208.46742,,29,onset_benchmark
11.818182,9.578512,13.396694,11.680992,1.239598,0.242957,626.446281,608.181818,649.752066,627.057851,13.39659,2.625683,13.22314,6.61157,19.834711,13.520661,4.218189,0.82675,190.715822,,29,speed
14.545455,12.719008,17.206612,14.766942,1.407479,0.275861,623.140496,600.0,652.975207,625.983471,16.027248,3.141283,18.181818,11.487603,26.446281,17.900826,5.022573,0.984406,191.708961,,29,speed_benchmark
17.85124,15.206612,20.0,17.702479,1.442394,0.282704,623.140496,593.305785,649.752066,622.264463,16.659398,3.265182,19.834711,13.22314,29.752066,20.512397,5.237955,1.02662,192.16246,,29,speed_onset
21.652893,19.669421,24.14876,21.869421,1.438408,0.281923,625.619835,594.958678,649.669421,624.892562,16.803496,3.293425,26.446281,16.528926,36.363636,26.859504,6.340442,1.242704,190.451131,,29,speed_onset_benchmark
11.970075,10.63591,13.64921,12.056525,0.961661,0.188482,568.578554,546.924356,586.034913,568.312552,10.911332,2.138582,14.962594,10.764755,20.03325,15.004156,3.25796,0.638548,167.973957,,31,base
13.300083,11.803824,14.96675,13.290108,0.960743,0.188302,567.747298,548.503741,586.076475,567.439734,10.952051,2.146563,17.871987,11.637573,23.316708,17.755611,3.625322,0.71055,166.870235,,31,benchmark
12.967581,11.471322,14.467997,12.989194,0.95545,0.187265,566.916043,549.376559,585.203658,566.899418,10.935038,2.143228,16.625104,9.975062,22.44389,16.367415,3.921592,0.768618,167.097088,,31,onset
14.172901,12.626766,15.710723,14.148795,0.972227,0.190553,567.747298,546.093101,582.709892,566.949293,10.887023,2.133817,17.456359,11.637573,23.316708,17.315046,3.87569,0.759621,167.565904,,31,onset_benchmark
12.718204,11.055694,14.297589,12.740648,0.976636,0.191417,566.916043,551.870324,583.541147,567.481297,10.252406,2.009435,16.625104,11.637573,23.316708,17.306733,3.777791,0.740433,157.015638,,31,speed
14.131338,12.456359,15.544472,14.097257,0.957965,0.187758,569.409809,553.532835,585.328346,569.459684,10.649076,2.087181,18.287614,12.468828,25.768911,18.379052,4.058387,0.795429,156.564299,,31,speed_benchmark
13.54946,11.787199,14.883624,13.459684,0.962224,0.188592,568.162926,548.628429,583.58271,567.847049,11.238046,2.202616,18.287614,11.59601,24.937656,18.254364,3.950364,0.774257,156.988748,,31,speed_onset
14.796342,13.453865,16.305071,14.921862,1.012059,0.19836,569.409809,550.290939,585.203658,568.487116,10.096005,1.978781,19.118869,13.25852,25.810474,19.418121,3.93904,0.772038,156.446383,,31,speed_onset_benchmark
9.884679,8.06425,11.69687,9.673806,1.096569,0.214924,591.433278,568.286656,616.227348,591.795717,16.861934,3.304878,9.884679,4.942339,18.121911,10.691928,4.320799,0.846861,203.434203,,33,base
11.861614,10.041186,13.352554,11.790774,1.103093,0.216202,596.375618,570.016474,624.382208,596.869852,16.578144,3.249256,13.179572,4.942339,19.769357,12.191104,4.467447,0.875604,204.598146,,33,benchmark
11.614498,9.382208,13.673806,11.484349,1.312599,0.257265,596.375618,571.499176,617.874794,595.716639,15.26702,2.992281,11.532125,4.942339,21.499176,11.861614,4.967238,0.973561,203.571293,,33,onset
14.497529,12.026359,16.474465,14.39374,1.429448,0.280167,596.375618,561.779242,614.579901,593.904448,16.371803,3.208814,16.474465,9.884679,24.711697,16.672158,4.59021,0.899665,206.184699,,33,onset_benchmark
10.049423,8.072488,12.026359,10.075783,1.109404,0.217439,595.551895,571.581549,616.144975,595.38715,15.293931,2.997555,9.884679,4.942339,18.121911,10.906096,4.459954,0.874135,193.923602,,33,speed
12.355848,9.884679,14.209226,12.253707,1.314162,0.257571,594.728171,571.663921,621.087315,596.210873,15.654463,3.068218,13.179572,8.237232,23.06425,14.332784,4.62721,0.906917,194.597451,,33,speed_benchmark
12.355848,10.543657,14.16804,12.405272,1.112065,0.217961,594.728171,573.311367,619.522241,595.914333,14.647654,2.870887,13.179572,6.507414,21.416804,13.459638,4.624573,0.9064,192.967904,,33,speed_onset
15.156507,12.850082,17.800659,15.281713,1.553954,0.304569,591.433278,568.121911,614.579901,592.009885,14.737767,2.888549,16.474465,8.237232,26.359143,17.331137,5.747514,1.126492,194.81272,,33,speed_onset_benchmark
15.433071,13.385827,17.811024,15.555906,1.387326,0.271911,534.645669,508.661417,560.708661,534.377953,16.49703,3.233358,20.472441,12.598425,29.92126,20.377953,5.426825,1.063638,164.727862,,34,base
19.212598,16.527559,21.259843,19.108661,1.560777,0.305907,535.433071,510.15748,555.905512,535.606299,14.921262,2.924514,25.19685,15.748031,36.220472,25.03937,6.003978,1.176758,165.138729,,34,benchmark
16.062992,14.173228,18.614173,16.209449,1.325206,0.259736,534.645669,511.732283,557.559055,534.188976,14.798876,2.900526,20.472441,12.598425,31.496063,21.401575,5.591766,1.095966,165.736694,,34,onset
19.685039,17.15748,21.574803,19.548031,1.305284,0.255831,534.645669,511.811024,562.283465,536.330709,16.19234,3.17364,25.19685,14.173228,34.645669,24.488189,6.164043,1.20813,164.273639,,34,onset_benchmark
16.062992,13.700787,18.440945,16.085039,1.452159,0.284618,535.433071,505.511811,560.708661,535.480315,15.713722,3.079833,22.047244,14.094488,31.496063,22.110236,5.631163,1.103688,157.285118,,34,speed
19.370079,16.992126,21.732283,19.335433,1.44932,0.284062,538.582677,511.811024,557.480315,536.897638,13.506699,2.647264,26.771654,17.322835,36.299213,26.283465,6.238051,1.222636,157.689608,,34,speed_benchmark
16.692913,14.307087,19.220472,16.588976,1.474108,0.28892,532.283465,508.346457,560.708661,533.055118,16.232884,3.181587,23.622047,14.173228,33.070866,23.716535,6.125089,1.200495,158.354885,,34,speed_onset
20.0,17.629921,22.362205,19.952756,1.563709,0.306481,534.645669,510.15748,559.133858,534.314961,14.886638,2.917727,26.771654,17.322835,39.448819,27.732283,6.974447,1.366967,158.54622,,34,speed_onset_benchmark
10.977081,9.167672,12.677925,10.963812,1.117586,0.219043,601.930036,578.950543,624.849216,601.544029,13.377529,2.621948,13.268999,8.443908,20.566948,13.896261,4.048159,0.793424,171.795921,,35,base
12.303981,10.494572,13.757539,12.376357,1.056763,0.207122,606.15199,581.242461,626.115802,605.379976,13.625882,2.670624,15.681544,9.589867,22.91918,15.838359,4.305651,0.843892,172.100765,,35,benchmark
12.545235,10.494572,14.24608,12.58263,1.269405,0.248799,601.930036,580.217129,621.230398,602.098914,13.341377,2.614862,16.887817,9.650181,24.125452,16.646562,4.272565,0.837407,171.342121,,35,onset
14.053076,12.406514,15.699638,14.007238,1.126022,0.220696,601.930036,580.156815,623.703257,602.12304,13.743703,2.693716,19.300362,12.062726,25.331725,18.685163,4.162775,0.815889,172.684098,,35,onset_benchmark
11.218335,9.167672,12.78649,11.102533,1.12506,0.220508,599.517491,574.125452,622.496984,599.324487,14.728646,2.886761,14.475271,8.443908,22.91918,14.981906,4.01425,0.786779,169.532561,,35,speed
12.545235,10.971049,14.240048,12.542823,1.091516,0.213933,601.930036,575.392039,624.90953,600.217129,15.022553,2.944366,18.094089,8.443908,24.125452,17.189385,4.585743,0.898789,168.624849,,35,speed_benchmark
12.484922,10.729795,14.240048,12.534379,1.106643,0.216898,601.930036,576.598311,618.998794,600.096502,14.115915,2.766668,16.887817,9.650181,24.125452,16.718938,4.812952,0.943321,168.84783,,35,speed_onset
14.294331,12.291918,15.814234,14.302774,1.090475,0.213729,598.311218,577.74427,624.90953,598.986731,14.310163,2.80474,19.300362,9.650181,26.537998,19.119421,4.702838,0.921739,169.476767,,35,speed_onset_benchmark
13.166954,11.015491,15.344234,13.232358,1.441962,0.282619,557.659208,533.562823,583.476764,558.726334,16.030282,3.141878,15.490534,8.605852,25.817556,16.179002,5.013556,0.982639,180.842198,,36,base
14.199656,12.211704,16.351119,14.290878,1.406491,0.275667,559.380379,535.197935,592.168675,561.101549,16.867505,3.30597,17.211704,10.327022,25.817556,17.487091,5.216669,1.022448,177.930969,,36,benchmark
12.994836,10.662651,15.499139,13.11704,1.51562,0.297056,562.822719,535.283993,588.726334,561.462995,15.37574,3.01359,17.211704,10.240964,25.817556,17.005164,4.688349,0.918899,178.272818,,36,onset
14.285714,12.383821,16.86747,14.375215,1.348273,0.264257,564.54389,531.755594,586.919105,561.703959,17.160122,3.363322,17.211704,8.605852,27.538726,17.504303,5.779094,1.132682,177.72599,,36,onset_benchmark
14.802065,12.564544,17.383821,14.951807,1.484775,0.291011,558.519793,535.283993,588.726334,559.586919,17.056762,3.343064,22.375215,13.683305,31.067126,22.203098,5.964818,1.169083,155.852753,,36,speed
15.748709,13.425129,18.261618,15.900172,1.530647,0.300001,562.822719,537.005164,588.898451,562.719449,16.03409,3.142624,20.654045,11.962134,32.702238,21.187608,6.443258,1.262855,154.533243,,36,speed_benchmark
14.802065,12.383821,17.555938,14.86747,1.570974,0.307905,565.404475,537.005164,590.619621,564.836489,16.826751,3.297983,20.654045,12.048193,29.259897,20.533563,5.536871,1.085207,156.995263,,36,speed_onset
15.834768,13.760757,18.244406,15.817556,1.262547,0.247455,559.380379,535.197935,586.919105,559.500861,15.375662,3.013574,21.51463,13.683305,32.788296,21.996558,6.525791,1.279031,154.663478,,36,speed_onset_benchmark
16.703786,14.03118,19.599109,16.69265,1.683823,0.330023,587.973274,550.111359,617.14922,587.305122,19.951843,3.910489,20.044543,8.797327,31.291759,19.933185,6.974126,1.366903,180.655032,,37,base
20.935412,18.485523,23.830735,20.973274,1.859363,0.364428,587.973274,561.247216,617.037862,588.841871,16.527441,3.239319,24.498886,13.25167,35.746102,24.498886,6.826177,1.337906,181.109386,,37,benchmark
17.371938,14.03118,19.832962,17.173719,1.754504,0.343876,592.427617,563.363029,619.265033,591.848552,17.995388,3.527031,20.044543,8.908686,33.407572,20.356347,6.85562,1.343677,180.078028,,37,onset
21.380846,18.25167,24.510022,21.378619,1.87344,0.367188,587.973274,561.247216,621.380846,588.997773,19.22261,3.767562,24.498886,13.25167,35.746102,24.454343,7.727996,1.514659,179.523726,,37,onset_benchmark
16.926503,14.020045,19.821826,16.819599,1.792525,0.351329,591.314031,561.247216,621.492205,590.155902,18.387484,3.603881,22.271715,11.135857,33.407572,21.937639,6.777375,1.328341,171.804721,,37,speed
21.158129,18.040089,24.064588,21.077951,1.712485,0.335641,587.973274,554.454343,617.037862,587.260579,18.156874,3.558682,26.726058,15.5902,37.861915,26.458797,7.206648,1.412477,170.721707,,37,speed_benchmark
17.14922,14.476615,20.489978,17.363029,1.725717,0.338234,589.08686,561.024499,621.380846,590.400891,18.604508,3.646417,22.271715,11.135857,31.180401,21.447661,6.727512,1.318568,171.285536,,37,speed_onset
21.046771,18.262806,24.721604,21.233853,2.004884,0.39295,587.973274,556.792873,616.926503,587.817372,18.461656,3.618418,26.726058,15.5902,40.089087,26.904232,7.48895,1.467807,171.009476,,37,speed_onset_benchmark
13.924051,10.743671,17.088608,13.936709,2.019013,0.395719,620.253165,588.449367,661.550633,622.310127,23.269326,4.560704,15.822785,6.329114,31.64557,16.803797,7.02156,1.376201,192.782675,,38,base
16.772152,13.591772,19.952532,16.623418,1.959794,0.384113,626.582278,591.455696,661.392405,625.981013,20.776696,4.072158,18.987342,9.493671,31.64557,20.126582,6.946607,1.36151,191.841834,,38,benchmark
13.924051,10.427215,17.420886,14.117089,2.159414,0.423237,623.417722,588.607595,661.550633,624.936709,23.542056,4.614158,15.822785,6.329114,28.481013,16.962025,6.75465,1.323887,190.776097,,38,onset
16.772152,13.607595,19.936709,16.886076,1.954142,0.383005,625.0,582.120253,661.392405,624.240506,24.908083,4.881895,20.56962,6.329114,34.810127,20.56962,8.102474,1.588056,191.888013,,38,onset_benchmark
15.189873,12.642405,18.370253,15.300633,2.087229,0.409089,626.582278,588.607595,664.556962,624.778481,23.103017,4.528108,22.151899,9.493671,34.810127,20.791139,7.366891,1.443884,176.185968,,38,speed
18.829114,15.490506,21.867089,18.756329,2.119681,0.41545,620.253165,588.291139,664.556962,622.594937,21.508361,4.215561,25.316456,12.5,41.297468,24.873418,8.628713,1.691197,177.687284,,38,speed_benchmark
15.506329,12.009494,18.370253,15.550633,2.060718,0.403893,623.417722,591.613924,658.386076,624.43038,20.932809,4.102755,18.987342,9.493671,34.810127,20.189873,8.507821,1.667502,177.047628,,38,speed_onset
18.670886,14.556962,22.800633,18.661392,2.465433,0.483216,629.746835,582.120253,664.556962,625.85443,24.07054,4.717739,22.151899,9.493671,37.974684,23.924051,9.088886,1.781389,176.975796,,38,speed_onset_benchmark
11.825193,9.511568,14.40874,11.920308,1.574818,0.308659,647.81491,619.537275,678.791774,649.794344,19.073021,3.738244,12.85347,5.141388,25.835476,14.832905,6.615897,1.296692,188.907934,,39,base
13.624679,11.041131,16.452442,13.681234,1.644051,0.322228,652.956298,619.40874,676.22108,649.434447,17.65087,3.459507,15.424165,7.712082,28.277635,16.529563,5.917111,1.159732,190.078369,,39,benchmark
13.11054,10.784062,16.195373,13.367609,1.777277,0.34834,655.526992,622.107969,688.946015,655.398458,20.010742,3.922033,15.424165,7.712082,28.277635,15.989717,6.152981,1.205962,190.754694,,39,onset
15.03856,11.311054,17.506427,14.948586,1.721714,0.33745,652.956298,611.696658,681.491003,651.028278,19.623373,3.84611,17.994859,7.712082,28.277635,19.100257,5.995559,1.175108,190.738346,,39,onset_benchmark
12.596401,9.768638,15.437018,12.501285,1.751801,0.343347,647.81491,616.966581,678.791774,649.151671,20.456463,4.009393,15.424165,7.712082,30.976864,17.22365,7.501474,1.470262,179.303429,,39,speed
14.395887,11.799486,17.493573,14.534704,1.814602,0.355655,647.81491,621.979434,681.233933,647.660668,18.406796,3.607666,17.994859,10.154242,30.848329,19.048843,6.071235,1.18994,181.473736,,39,speed_benchmark
13.881748,11.053985,17.22365,13.881748,1.81187,0.35512,655.526992,621.8509,689.203085,655.115681,21.513307,4.216531,17.994859,7.712082,28.277635,17.737789,6.459112,1.265963,179.382724,,39,speed_onset
15.681234,13.097686,18.264781,15.717224,1.746597,0.342327,651.670951,619.280206,683.804627,651.156812,21.133835,4.142156,20.565553,10.282776,30.848329,19.871465,6.863505,1.345222,181.358772,,39,speed_onset_benchmark
15.879828,14.020029,18.054363,16.02432,1.363355,0.267213,585.83691,562.017167,604.077253,584.234621,14.614642,2.864417,17.167382,11.444921,27.253219,18.154506,4.904197,0.961205,178.983163,,40,base
17.02432,15.307582,19.034335,17.11731,1.21057,0.237267,586.552217,562.160229,603.862661,584.706724,13.004616,2.548858,20.028612,11.444921,30.114449,19.828326,5.726144,1.122304,179.595797,,40,benchmark
18.741059,16.595136,21.480687,18.834049,1.575367,0.308766,582.260372,562.160229,605.221745,583.004292,14.638246,2.869044,22.889843,12.875536,34.334764,23.04721,6.57918,1.289496,178.570326,,40,onset
19.957082,17.839771,22.474964,20.038627,1.468446,0.28781,582.260372,562.160229,603.719599,582.389127,13.072478,2.562159,24.320458,15.665236,35.765379,24.806867,6.346711,1.243933,180.059598,,40,onset_benchmark
15.879828,13.876967,17.739628,15.88412,1.213484,0.237838,583.690987,556.437768,608.011445,583.433476,15.169373,2.973143,17.167382,11.444921,27.181688,18.397711,5.12809,1.005087,175.470255,,40,speed
16.595136,14.585122,18.175966,16.540773,1.193787,0.233978,585.121602,557.939914,608.082976,584.134478,14.572023,2.856064,18.597997,12.875536,31.473534,19.828326,5.780046,1.132868,176.295852,,40,speed_benchmark
18.383405,16.587983,21.180258,18.620887,1.444095,0.283037,586.552217,565.021459,610.944206,585.765379,13.958545,2.735825,22.889843,14.234621,32.97568,23.118741,6.085641,1.192764,175.512869,,40,speed_onset
19.742489,17.596567,22.052933,19.676681,1.398377,0.274077,585.83691,560.729614,609.44206,584.263233,15.830417,3.102705,24.320458,14.306152,32.97568,24.406295,5.807877,1.138323,175.48732,,40,speed_onset_benchmark
14.351852,12.725694,16.325231,14.498843,1.138174,0.223078,611.689815,591.377315,629.74537,610.983796,11.521221,2.258118,17.361111,10.416667,24.363426,17.268519,4.266659,0.83625,186.565917,,41,base
16.435185,15.040509,18.292824,16.489583,1.024767,0.200851,610.532407,586.747685,628.530093,610.011574,13.757105,2.696343,18.518519,11.574074,26.62037,18.738426,4.376296,0.857738,185.441451,,41,benchmark
19.502315,17.361111,21.66088,19.385417,1.379847,0.270445,612.268519,587.905093,634.375,612.303241,14.146101,2.772585,23.148148,15.046296,33.564815,23.344907,5.335841,1.045806,185.64028,,41,onset
22.164352,19.548611,24.542824,22.106481,1.49321,0.292664,611.111111,582.175926,629.74537,609.6875,14.311003,2.804905,25.462963,16.203704,35.87963,26.041667,5.787037,1.134238,185.497719,,41,onset_benchmark
15.798611,14.12037,17.829861,15.865741,1.136131,0.222678,609.953704,591.261574,630.902778,611.076389,12.610763,2.471664,19.097222,12.731481,27.777778,19.6875,4.619374,0.905381,175.382943,,41,speed
18.171296,15.972222,20.144676,18.054398,1.310231,0.256801,613.425926,586.689815,633.159722,611.967593,14.337231,2.810046,23.148148,15.046296,30.150463,23.032407,4.870344,0.95457,174.589089,,41,speed_benchmark
21.064815,19.091435,22.922454,21.091435,1.200657,0.235325,614.00463,586.747685,635.474537,612.627315,14.700768,2.881298,26.62037,19.675926,34.722222,26.724537,5.060006,0.991743,175.745522,,41,speed_onset
24.074074,21.753472,26.40625,23.967593,1.354928,0.265561,611.689815,589.12037,633.159722,611.724537,13.038084,2.555418,30.092593,23.148148,41.666667,30.902778,5.349631,1.048508,172.869224,,41,speed_onset_benchmark
17.706821,15.239478,19.88389,17.70537,1.427654,0.279815,597.96807,573.222061,619.738752,596.923077,14.289332,2.800658,21.770682,14.513788,33.454282,23.265602,6.128081,1.201082,152.718023,,42,base
17.706821,15.384615,19.891147,17.685051,1.373708,0.269242,595.065312,571.625544,618.287373,595.355588,15.646794,3.066715,23.222061,15.892598,33.381713,23.991292,5.617209,1.100953,153.102497,,42,benchmark
19.230769,17.256894,21.480406,19.265602,1.419752,0.278266,594.339623,576.124819,618.287373,596.226415,14.24447,2.791865,25.399129,15.965167,36.28447,25.936139,6.337016,1.242032,153.553994,,42,onset
19.1582,16.835994,21.219158,19.174165,1.336099,0.261871,597.96807,573.222061,622.641509,596.952104,14.993324,2.938638,24.67344,17.343977,33.454282,25.312046,5.680734,1.113403,152.885147,,42,onset_benchmark
18.359942,16.386067,20.899855,18.432511,1.399127,0.274224,595.065312,576.197388,618.287373,596.139332,13.825463,2.709741,26.124819,17.343977,36.28447,26.647315,5.923505,1.160986,142.303056,,42,speed
18.142235,16.103048,19.898403,18.047896,1.319994,0.258714,595.065312,578.809869,619.738752,595.994194,13.567422,2.659166,26.124819,17.343977,37.808418,26.58926,6.208884,1.216919,141.171417,,42,speed_benchmark
19.88389,17.98984,22.503628,20.153846,1.514795,0.296894,600.145138,573.29463,616.835994,598.809869,13.84939,2.71443,28.301887,18.795356,39.187228,29.172714,6.459546,1.266048,141.840456,,42,speed_onset
19.811321,17.402032,22.213353,19.785196,1.56235,0.306215,599.419448,574.67344,622.714078,599.143687,15.512535,3.040401,27.576197,18.867925,37.735849,27.735849,5.808795,1.138503,141.748224,,42,speed_onset_benchmark
12.241379,10.0,14.663793,12.312069,1.512845,0.296512,620.689655,592.931034,643.189655,619.103448,17.424455,3.41513,13.793103,6.896552,24.137931,14.5,5.397378,1.057867,187.197222,,43,base
16.034483,14.12931,18.801724,16.143103,1.372907,0.269085,618.965517,591.206897,641.724138,618.086207,17.571714,3.443993,19.827586,12.068966,29.310345,19.672414,5.296293,1.038054,187.609045,,43,benchmark
13.189655,11.715517,15.87931,13.336207,1.461003,0.286351,617.241379,592.931034,641.465517,617.275862,15.860744,3.108649,15.517241,6.896552,22.5,14.982759,5.339207,1.046465,187.888415,,43,onset
17.5,15.0,19.827586,17.47069,1.54485,0.302785,618.965517,593.103448,653.534483,621.844828,17.914507,3.511179,19.827586,13.706897,31.034483,20.672414,5.471417,1.072378,186.264417,,43,onset_benchmark
13.103448,10.853448,15.344828,13.055172,1.381286,0.270727,618.965517,594.741379,644.913793,619.413793,16.710065,3.275113,15.517241,8.62069,24.137931,16.017241,4.760033,0.932949,180.688806,,43,speed
17.241379,15.336207,19.482759,17.27069,1.330794,0.260831,620.689655,593.103448,646.551724,620.12069,16.004117,3.136749,20.689655,11.982759,31.12069,21.37931,6.543561,1.282514,179.34704,,43,speed_benchmark
13.87931,11.206897,16.724138,13.843103,1.583861,0.310431,615.517241,591.37931,648.275862,617.913793,16.732108,3.279433,17.241379,10.344828,24.137931,16.568966,4.763816,0.933691,181.001758,,43,speed_onset
18.362069,16.198276,20.698276,18.434483,1.555817,0.304935,620.689655,591.37931,645.258621,619.5,17.597668,3.44908,24.137931,15.517241,32.844828,23.844828,5.647278,1.106846,180.328589,,43,speed_onset_benchmark
6.882407,5.829535,8.208751,6.952598,0.726477,0.142387,584.776664,566.089335,602.689152,584.448496,12.064264,2.364552,7.748405,4.557885,13.673655,7.976299,2.89247,0.566914,174.434436,,44,base
11.668186,10.38742,13.600729,11.776664,0.997884,0.195582,584.320875,565.998177,600.77484,583.391067,11.067827,2.169254,14.585232,9.070191,21.057429,14.804011,3.604914,0.70655,173.115482,,44,benchmark
7.201459,6.107566,8.391067,7.161349,0.707805,0.138727,584.320875,569.46217,603.509572,584.867821,11.006241,2.157184,8.204193,3.646308,12.762078,8.313582,2.824656,0.553622,173.496958,,44,onset
12.169553,10.391978,13.313582,12.102097,0.923935,0.181088,585.232452,565.177758,603.509572,584.758432,11.130972,2.18163,14.585232,9.981768,21.877849,15.278031,3.77773,0.740421,174.281297,,44,onset_benchmark
7.201459,5.829535,8.482224,7.122151,0.825433,0.161782,585.232452,564.220602,601.686418,583.783045,11.803373,2.313419,8.204193,2.734731,13.673655,8.459435,2.957624,0.579684,170.290064,,44,speed
11.850501,10.483136,13.865087,11.94804,1.009056,0.197771,585.232452,566.089335,604.512306,584.539654,12.057374,2.363202,14.585232,9.981768,18.277119,14.083865,3.039626,0.595756,171.0006,,44,speed_benchmark
7.292616,6.103008,8.482224,7.30629,0.755756,0.148126,582.497721,566.089335,599.863263,582.169553,10.937789,2.143767,8.659982,4.557885,13.673655,8.906108,2.766331,0.542191,169.540027,,44,speed_onset
12.123974,10.752051,13.678213,12.193254,0.957221,0.187612,584.320875,567.000912,604.466727,585.104831,11.176531,2.19056,15.496809,10.027347,21.877849,15.533273,3.466754,0.679471,170.005443,,44,speed_onset_benchmark
13.00813,11.211382,15.284553,13.069919,1.281532,0.251176,627.642276,606.341463,652.03252,627.512195,14.946848,2.929528,14.634146,8.04878,22.764228,14.634146,5.042266,0.988266,206.707165,,45,base
15.284553,13.0,18.04878,15.386992,1.533485,0.300558,625.203252,604.878049,655.284553,627.00813,14.758435,2.8926,16.260163,8.130081,24.390244,16.01626,4.948035,0.969797,207.128936,,45,benchmark
13.495935,11.536585,15.609756,13.523577,1.259306,0.24682,627.642276,603.00813,647.235772,626.536585,14.803578,2.901448,14.634146,8.04878,22.764228,14.666667,4.792327,0.939279,204.933092,,45,onset
16.178862,13.813008,18.878049,16.256911,1.59651,0.31291,622.764228,603.089431,652.195122,624.780488,15.744674,3.085899,17.886179,9.756098,24.471545,17.203252,5.074893,0.994661,207.565312,,45,onset_benchmark
14.471545,12.495935,16.585366,14.510569,1.267775,0.248479,627.642276,602.845528,652.113821,627.00813,15.759552,3.088815,16.260163,8.130081,27.642276,17.203252,5.960626,1.168261,192.515889,,45,speed
16.341463,14.439024,19.349593,16.468293,1.487413,0.291528,625.203252,604.634146,653.658537,626.943089,16.587419,3.251074,19.512195,13.00813,29.268293,20.373984,5.417368,1.061785,191.417468,,45,speed_benchmark
15.284553,12.845528,17.894309,15.213008,1.43649,0.281547,626.01626,599.918699,650.569106,626.390244,16.56583,3.246843,17.886179,11.300813,27.723577,18.422764,5.275505,1.03398,193.284723,,45,speed_onset
17.886179,15.609756,20.00813,17.905691,1.398042,0.274011,624.390244,601.626016,652.113821,626.308943,17.098188,3.351183,21.138211,13.00813,32.601626,22.455285,6.17417,1.210115,192.646158,,45,speed_onset_benchmark
12.522686,10.163339,14.700544,12.450091,1.428341,0.27995,600.725953,573.502722,624.319419,600.090744,15.132539,2.965923,16.333938,7.259528,23.593466,15.84392,4.762452,0.933423,174.407272,,46,base
13.067151,11.061706,15.245009,13.061706,1.33751,0.262147,600.725953,571.506352,626.315789,600.508167,16.733936,3.279791,15.426497,7.259528,25.408348,15.553539,5.682387,1.113727,172.096634,,46,benchmark
16.515426,14.147005,19.056261,16.540835,1.516251,0.29718,598.911071,575.136116,624.410163,599.019964,16.35698,3.205909,20.871143,14.519056,32.667877,21.524501,5.904998,1.157358,175.203735,,46,onset
16.606171,14.328494,19.083485,16.666062,1.531107,0.300091,598.00363,573.411978,622.595281,597.22323,16.284479,3.191699,19.963702,10.889292,29.128857,20.453721,5.841752,1.144962,174.074237,,46,onset_benchmark
12.341198,10.163339,14.700544,12.239564,1.361881,0.266924,598.911071,568.058076,622.77677,598.856624,16.630578,3.259533,16.333938,7.259528,27.22323,16.660617,5.659653,1.109272,165.31995,,46,speed
12.885662,10.889292,15.08167,12.901996,1.398706,0.274141,602.540835,566.15245,629.764065,600.834846,18.802186,3.685161,16.333938,7.259528,27.313975,16.969147,5.712286,1.119588,165.345655,,46,speed_benchmark
16.606171,14.337568,19.056261,16.528131,1.433515,0.280964,600.725953,575.22686,619.147005,599.437387,14.792146,2.899207,21.778584,12.704174,36.297641,23.484574,6.867739,1.346052,165.832691,,46,speed_onset
16.878403,14.700544,18.702359,16.784029,1.291966,0.253221,598.911071,569.782214,627.949183,597.767695,18.622313,3.649906,23.593466,12.704174,34.482759,23.303085,6.253614,1.225686,164.120816,,46,speed_onset_benchmark
14.862915,12.842713,17.034632,14.800866,1.293956,0.253611,604.617605,580.08658,624.891775,603.838384,14.180684,2.779363,18.759019,10.02886,25.974026,17.922078,5.15277,1.009924,168.705447,,47,base
19.047619,16.875902,21.356421,18.976912,1.334958,0.261647,607.503608,582.900433,632.178932,608.383838,15.054756,2.950678,23.088023,12.987013,31.746032,22.467532,5.538649,1.085555,169.699403,,47,benchmark
17.171717,15.584416,19.343434,17.281385,1.253477,0.245677,606.782107,581.529582,632.106782,606.031746,15.035303,2.946865,21.645022,14.357864,31.746032,22.034632,5.567435,1.091197,168.880123,,47,onset
22.222222,20.18759,23.816739,22.138528,1.134772,0.222411,608.946609,587.301587,629.148629,608.080808,11.911661,2.334643,27.417027,18.759019,36.075036,27.546898,5.364415,1.051406,168.813877,,47,onset_benchmark
15.151515,12.835498,17.034632,15.171717,1.237587,0.242563,607.503608,587.301587,636.363636,608.802309,14.269517,2.796774,20.20202,11.544012,28.860029,19.94228,5.149504,1.009284,161.080434,,47,speed
19.480519,16.738817,22.229437,19.440115,1.657385,0.324842,606.060606,580.01443,630.735931,605.642136,16.395498,3.213459,25.974026,15.873016,38.961039,26.623377,6.621802,1.297849,161.523739,,47,speed_benchmark
17.748918,15.440115,20.36075,17.847042,1.372615,0.269028,606.060606,578.499278,632.034632,605.468975,16.070017,3.149666,23.088023,15.800866,34.704185,24.213564,6.57144,1.287979,162.298486,,47,speed_onset
23.088023,20.634921,25.548341,23.176046,1.508128,0.295588,606.782107,577.056277,624.963925,604.213564,14.695876,2.880339,31.746032,21.645022,40.40404,31.298701,5.971507,1.170394,162.778619,,47,speed_onset_benchmark
15.10107,13.317479,17.241379,15.142687,1.219347,0.238988,631.391201,612.366231,655.231867,632.996433,13.277844,2.60241,19.02497,10.701546,26.27824,18.941736,5.190581,1.017335,167.77876,,48,base
15.814507,13.436385,17.485137,15.567182,1.241321,0.243295,630.796671,609.928656,650.475624,630.130797,13.987528,2.741505,20.808561,13.020214,29.726516,20.713436,5.048096,0.989409,168.088456,,48,benchmark
18.727705,16.75981,20.814507,18.853746,1.296762,0.254161,631.985731,609.988109,650.475624,631.450654,13.210989,2.589306,24.970273,16.646849,35.671819,24.744352,5.457328,1.069617,168.825111,,48,onset
19.262782,17.235434,21.521998,19.310345,1.340802,0.262792,633.769322,612.187872,652.913199,633.555291,14.208929,2.784899,26.159334,17.776457,35.731272,25.897741,5.672603,1.11181,168.566948,,48,onset_benchmark
16.46849,13.900119,18.198573,16.324614,1.292899,0.253403,631.985731,614.744352,658.739596,633.472057,13.186102,2.584429,23.781213,14.268728,33.293698,23.424495,5.794457,1.135693,154.741117,,48,speed
16.825208,14.970273,18.906064,16.768133,1.18352,0.231966,631.391201,614.684899,650.416171,632.211653,11.720879,2.29725,23.781213,15.457788,30.915577,22.913199,5.083829,0.996412,154.437213,,48,speed_benchmark
20.451843,18.43044,22.740785,20.514863,1.377003,0.269888,634.363853,614.744352,657.550535,633.888228,12.434848,2.437185,29.726516,19.02497,40.546968,29.41736,6.365528,1.247621,154.991993,,48,speed_onset
20.808561,18.787158,23.067776,20.793103,1.351692,0.264927,632.580262,615.87396,650.475624,632.294887,10.857378,2.128007,29.131986,22.532699,40.487515,30.309156,5.906732,1.157698,155.107997,,48,speed_onset_benchmark
14.881623,13.07779,16.352875,14.819617,1.044321,0.204683,538.895152,511.781285,555.806088,537.970688,13.217099,2.590504,16.910936,9.019166,24.802706,16.482525,4.752923,0.931556,185.932111,,49,base
14.205186,12.722661,16.234498,14.273957,1.123391,0.220181,538.895152,515.163472,557.158963,538.962796,13.272777,2.601416,14.656144,9.019166,21.420519,14.994363,3.468395,0.679793,184.791029,,49,benchmark
15.388952,13.748591,17.480271,15.450958,1.101286,0.215848,537.767756,516.290868,561.443067,538.162345,13.780148,2.700859,16.910936,11.217587,23.67531,17.136415,3.768221,0.738558,185.289795,,49,onset
15.219842,12.852311,16.916573,15.120631,1.264918,0.247919,537.767756,516.347238,555.918828,537.136415,12.372145,2.424896,15.78354,10.146561,23.67531,16.054115,3.999997,0.783985,183.967179,,49,onset_benchmark
14.656144,12.401353,16.358512,14.607666,1.221648,0.239439,538.895152,517.474634,553.607666,537.655017,11.299551,2.214671,19.165727,11.273957,25.986471,18.54566,4.371894,0.856876,175.491355,,49,speed
14.092446,12.277339,16.121759,14.147689,1.202181,0.235623,538.895152,518.602029,558.060879,538.838782,12.698914,2.488941,16.910936,11.273957,23.67531,17.046223,4.003718,0.784714,174.196951,,49,speed_benchmark
15.445321,13.523112,17.818489,15.499436,1.33188,0.261044,536.640361,518.37655,555.806088,537.181511,11.571224,2.267918,18.038331,12.344983,24.802706,18.48929,3.895539,0.763512,175.344758,,49,speed_onset
15.050733,13.517475,16.916573,15.038331,1.095737,0.21476,535.512965,518.37655,559.188275,536.662909,12.343742,2.419329,18.038331,11.273957,24.802706,17.745209,4.253547,0.83368,173.752244,,49,speed_onset_benchmark
8.907741,7.836691,10.397667,8.930011,0.81032,0.15882,610.28632,584.252386,634.146341,610.233298,13.177356,2.582714,8.483563,4.241782,13.838812,9.236479,3.026893,0.59326,197.130148,,51,base
17.020148,15.270414,18.780488,16.949099,1.06973,0.209663,607.635207,588.54719,631.018028,609.384942,13.244423,2.595859,16.967126,10.604454,25.450689,18.133616,4.457236,0.873602,199.709274,,51,benchmark
10.869565,9.008484,12.6193,10.853659,1.027076,0.201303,612.937434,595.864263,632.025451,613.700954,11.528336,2.259512,10.604454,5.302227,16.967126,10.827147,3.313537,0.649441,198.885721,,51,onset
20.678685,18.435843,22.386002,20.52492,1.274976,0.249891,607.635207,590.615058,628.844115,608.229056,11.796417,2.312055,21.73913,14.740191,29.745493,22.089077,5.026305,0.985138,200.921061,,51,onset_benchmark
9.437964,8.160127,10.922587,9.576882,0.899148,0.17623,610.816543,587.433722,632.078473,610.657476,13.69475,2.684122,10.604454,5.302227,15.906681,10.275716,3.263104,0.639557,189.875801,,51,speed
18.133616,16.219512,20.04772,18.206787,1.113704,0.218282,608.695652,587.3807,627.836691,608.483563,13.35173,2.616891,21.208908,12.725345,29.692471,21.07105,4.908771,0.962101,190.717396,,51,speed_benchmark
11.187699,9.533404,13.26087,11.269353,1.115555,0.218645,612.937434,590.668081,629.90456,612.492047,11.714146,2.295931,12.725345,7.423118,18.027572,12.799576,3.424663,0.671222,190.191899,,51,speed_onset
22.110286,19.825027,24.204666,22.082715,1.421548,0.278618,607.635207,587.486744,627.836691,608.430541,12.830575,2.514746,26.511135,18.027572,36.161188,26.680806,5.450585,1.068295,190.276288,,51,speed_onset_benchmark
13.170732,10.47561,15.853659,13.278049,1.576603,0.309009,625.609756,595.121951,648.902439,624.780488,17.126654,3.356762,14.634146,4.878049,21.95122,13.536585,5.363557,1.051238,199.259727,,53,base
16.707317,13.658537,19.536585,16.943902,1.989781,0.38999,628.04878,597.560976,656.219512,628.317073,18.179067,3.563032,17.073171,9.756098,31.707317,19.073171,7.486581,1.467343,200.432508,,53,benchmark
14.878049,12.182927,18.04878,14.931707,1.687165,0.330678,629.268293,599.756098,656.097561,628.195122,17.299802,3.390699,14.634146,7.317073,26.829268,15.829268,6.58208,1.290064,200.726797,,53,onset
19.512195,17.060976,22.195122,19.504878,1.696001,0.33241,624.390244,587.804878,663.414634,626.146341,21.504809,4.214865,21.95122,12.195122,34.146341,22.463415,7.597445,1.489072,201.949075,,53,onset_benchmark
13.658537,11.939024,16.353659,13.85122,1.402311,0.274848,629.268293,590.121951,663.536585,627.585366,22.766062,4.462066,17.073171,7.317073,26.829268,16.365854,5.418397,1.061986,194.288485,,53,speed
18.04878,14.621951,20.487805,17.936585,1.743853,0.341789,624.390244,599.878049,656.097561,624.609756,19.845318,3.889611,21.95122,12.195122,36.585366,22.365854,7.247389,1.420462,192.882466,,53,speed_benchmark
15.365854,13.146341,18.04878,15.412195,1.582832,0.310229,624.390244,599.878049,653.780488,626.512195,17.562943,3.442274,17.073171,7.317073,26.829268,17.463415,7.034197,1.378677,193.330843,,53,speed_onset
20.243902,17.317073,23.695122,20.273171,2.048065,0.401413,629.268293,599.878049,656.219512,626.902439,21.388183,4.192007,24.390244,12.195122,34.268293,23.829268,6.983916,1.368822,194.125787,,53,speed_onset_benchmark
12.992495,11.069418,14.362101,12.866792,1.034753,0.202808,603.189493,588.133208,619.183865,603.245779,9.959792,1.952083,16.885553,11.210131,23.452158,17.110694,3.980231,0.780111,170.539972,,54,base
15.666041,13.508443,17.636023,15.64728,1.140374,0.223509,600.375235,579.690432,621.013133,601.050657,12.395797,2.429532,22.514071,14.02439,29.080675,21.923077,4.66793,0.914897,171.495825,,54,benchmark
13.742964,12.378049,15.389306,13.800188,0.964336,0.189006,602.72045,586.210131,622.983114,602.964353,11.762216,2.305352,18.761726,12.195122,25.32833,18.639775,3.979193,0.779907,170.724731,,54,onset
16.791745,15.384615,18.771107,16.853659,1.072837,0.210272,603.189493,581.566604,622.185741,602.992495,12.517972,2.453477,23.452158,15.947467,30.018762,23.433396,4.355303,0.853624,171.791958,,54,onset_benchmark
12.945591,11.533771,14.826454,13.056285,1.028952,0.201671,602.72045,583.395872,618.292683,602.17636,11.478079,2.249662,18.761726,12.195122,24.390244,18.621013,3.832911,0.751237,164.061025,,54,speed
15.853659,14.249531,17.546904,15.893996,1.04412,0.204644,605.065666,577.814259,624.812383,603.433396,13.249528,2.59686,22.514071,16.885553,29.12758,22.560976,4.231904,0.829438,164.398454,,54,speed_benchmark
14.071295,12.570356,16.885553,14.197936,1.198772,0.234955,605.065666,586.30394,622.091932,604.484053,11.165683,2.188434,19.699812,12.148218,26.313321,19.324578,4.618818,0.905272,164.455771,,54,speed_onset
17.448405,15.469043,19.23546,17.427767,1.101968,0.215982,605.065666,586.210131,620.121951,603.752345,11.200038,2.195167,25.797373,16.885553,34.709193,25.43152,4.992269,0.978467,164.403095,,54,speed_onset_benchmark
12.108559,9.80167,14.40501,11.947808,1.394587,0.273334,608.559499,582.463466,636.743215,609.039666,16.698443,3.272835,12.526096,4.175365,22.964509,13.08977,5.67566,1.112409,198.142762,,56,base
15.448852,12.526096,17.787056,15.371608,1.632733,0.32001,611.691023,580.375783,636.743215,610.626305,17.608624,3.451227,16.701461,8.350731,29.227557,16.889353,6.096309,1.194855,198.900686,,56,benchmark
14.196242,11.471816,16.701461,14.131524,1.550311,0.303855,607.515658,575.991649,630.793319,606.597077,19.014648,3.726802,14.613779,6.263048,25.052192,15.010438,5.819962,1.140692,200.322562,,56,onset
18.162839,15.031315,21.294363,18.302714,1.891188,0.370666,607.515658,580.167015,634.759916,607.494781,17.782774,3.48536,20.876827,10.334029,31.31524,20.45929,5.927183,1.161707,198.325549,,56,onset_benchmark
12.108559,10.010438,14.425887,12.336117,1.424953,0.279286,611.691023,588.622129,636.847599,611.503132,14.872361,2.914929,14.613779,4.175365,22.964509,13.716075,5.44122,1.066459,194.499789,,56,speed
15.65762,13.569937,18.590814,15.82881,1.543962,0.302611,607.515658,576.096033,640.91858,608.246347,19.620975,3.84564,18.789144,10.438413,27.139875,18.350731,5.497885,1.077566,192.800876,,56,speed_benchmark
14.196242,11.899791,16.492693,14.265136,1.484261,0.29091,607.515658,582.359081,632.56785,607.995825,16.574067,3.248457,14.613779,6.263048,25.156576,15.615866,5.625994,1.102675,194.290448,,56,speed_onset
18.580376,16.064718,22.129436,18.663883,1.763986,0.345735,609.60334,582.254697,636.743215,607.43215,17.11267,3.354022,20.876827,10.438413,31.419624,21.043841,6.738326,1.320688,194.615306,,56,speed_onset_benchmark
13.555858,11.846049,15.401907,13.52861,1.20082,0.235356,549.046322,528.542234,573.705722,549.809264,14.502953,2.842527,14.986376,8.174387,21.798365,15.027248,4.11442,0.806411,190.170499,,57,base
18.256131,16.212534,20.177112,18.159401,1.279552,0.250788,550.408719,529.972752,572.207084,550.122616,13.734032,2.691821,19.073569,12.19346,27.247956,19.305177,5.042359,0.988284,189.987805,,57,benchmark
13.555858,12.254768,15.401907,13.683924,1.108056,0.217175,549.046322,525.885559,570.844687,549.019074,14.192815,2.781741,14.986376,8.174387,21.866485,15.040872,4.503683,0.882706,190.50668,,57,onset
18.256131,15.933243,20.30654,18.235695,1.395891,0.27359,551.771117,517.711172,569.550409,548.59673,15.245057,2.987976,19.754768,12.26158,27.316076,19.659401,4.934112,0.967068,189.406874,,57,onset_benchmark
15.599455,13.882834,17.445504,15.587193,1.291772,0.253183,547.002725,523.092643,565.463215,546.33515,14.233068,2.78963,19.073569,12.26158,25.953678,19.536785,4.391125,0.860645,175.37094,,57,speed
20.299728,17.711172,22.22752,20.208447,1.345651,0.263743,550.408719,524.523161,577.656676,551.049046,14.418855,2.826044,23.160763,16.280654,32.697548,23.365123,5.069504,0.993605,174.767238,,57,speed_benchmark
15.531335,13.351499,17.309264,15.459128,1.225692,0.240231,551.771117,528.542234,572.343324,551.621253,14.586194,2.858842,19.073569,10.899183,27.247956,18.746594,4.994032,0.978812,175.557292,,57,speed_onset
20.299728,18.249319,22.486376,20.297003,1.325284,0.259751,547.002725,524.523161,570.912807,546.961853,14.269851,2.796839,24.523161,14.986376,34.059946,24.632153,6.15918,1.207177,173.630807,,57,speed_onset_benchmark
9.061489,7.11165,10.849515,9.116505,1.106637,0.216897,601.132686,577.588997,627.831715,601.909385,16.192634,3.173698,11.326861,6.391586,17.799353,11.197411,4.001297,0.78424,184.186797,,58,base
15.210356,12.944984,17.491909,15.289644,1.429179,0.280114,600.323625,577.588997,624.595469,601.05178,15.868267,3.110123,16.18123,9.708738,27.508091,17.508091,5.424937,1.063268,186.219728,,58,benchmark
12.135922,10.331715,13.438511,11.946602,1.012493,0.198445,600.323625,579.126214,628.074434,600.744337,16.047666,3.145285,12.944984,6.472492,21.035599,13.94822,4.534829,0.88881,185.541354,,58,onset
19.7411,16.820388,21.682848,19.571197,1.596464,0.312901,600.323625,577.588997,627.831715,600.598706,15.274963,2.993838,21.035599,12.864078,34.061489,21.893204,6.563606,1.286443,186.527563,,58,onset_benchmark
9.385113,7.7589,11.658576,9.508091,1.176803,0.230649,601.941748,571.116505,622.977346,599.805825,14.273987,2.79765,11.326861,4.854369,19.498382,12.087379,4.450499,0.872282,180.575056,,58,speed
15.857605,13.42233,17.977346,15.749191,1.355391,0.265652,598.705502,571.197411,621.359223,597.928803,15.356857,3.009889,19.417476,11.245955,25.889968,18.996764,4.871338,0.954765,182.087721,,58,speed_benchmark
12.378641,10.679612,14.563107,12.425566,1.255774,0.246127,603.559871,574.433657,629.61165,602.993528,16.714078,3.275899,14.563107,6.472492,21.035599,14.061489,4.893412,0.959091,181.202532,,58,speed_onset
20.307443,17.799353,23.15534,20.467638,1.674431,0.328182,604.368932,579.20712,626.213592,604.158576,14.948739,2.929899,24.271845,16.18123,33.980583,24.692557,5.743398,1.125685,180.931605,,58,speed_onset_benchmark
11.007026,9.361827,12.769321,11.056206,1.033518,0.202566,609.484778,585.480094,629.976581,609.297424,12.692873,2.487757,13.466042,7.025761,18.793911,13.290398,3.524197,0.69073,191.989977,,60,base
12.295082,10.766979,13.823185,12.283372,0.985123,0.193081,607.142857,587.763466,630.035129,608.348946,13.342133,2.61501,14.051522,8.196721,22.248244,14.601874,3.985559,0.781155,191.61734,,60,benchmark
12.64637,10.772834,14.408665,12.651054,1.022029,0.200314,608.899297,583.138173,626.4637,606.873536,13.084701,2.564554,15.222482,9.367681,21.077283,15.362998,3.692714,0.723759,191.880311,,60,onset
13.407494,12.177986,15.222482,13.5363,0.94969,0.186136,608.899297,586.651054,627.693208,609.016393,12.502987,2.450541,16.393443,10.538642,22.248244,15.960187,3.961858,0.77651,192.521906,,60,onset_benchmark
11.826698,9.713115,13.471897,11.916862,1.173188,0.229941,608.899297,587.822014,626.522248,608.934426,13.125495,2.57255,15.222482,9.367681,22.248244,15.421546,3.984168,0.780883,185.247049,,60,speed
13.114754,11.586651,14.871194,13.221311,1.057485,0.207263,610.070258,585.480094,628.805621,609.964871,13.26785,2.600451,16.393443,10.538642,22.306792,16.241218,4.122889,0.808071,184.804748,,60,speed_benchmark
13.407494,11.709602,15.111241,13.48829,1.154726,0.226322,608.899297,586.651054,631.206089,609.016393,13.633802,2.672176,17.564403,10.538642,25.761124,17.763466,4.734003,0.927848,184.505672,,60,speed_onset
14.754098,12.880562,16.978923,14.776347,1.166064,0.228544,608.313817,586.592506,626.522248,606.896956,13.480351,2.6421,18.735363,11.709602,26.932084,18.758782,4.612267,0.903988,185.400451,,60,speed_onset_benchmark
9.724951,7.662083,11.591356,9.687623,1.091078,0.213847,601.178782,573.67387,620.825147,599.371316,15.031587,2.946137,11.787819,3.831041,17.779961,10.707269,4.320351,0.846773,202.322898,,61,base
11.787819,9.616896,14.341847,11.740668,1.471821,0.288472,601.178782,569.744597,626.915521,599.607073,17.777387,3.484304,11.787819,5.795678,21.611002,12.514735,4.881973,0.956849,204.314923,,61,benchmark
12.966601,10.992141,15.520629,13.005894,1.406778,0.275723,599.214145,573.575639,624.75442,597.897839,15.843233,3.105217,13.752456,5.89391,25.540275,14.499018,5.398681,1.058122,203.34717,,61,onset
16.502947,13.742633,18.467583,16.365422,1.502853,0.294554,601.178782,575.540275,624.852652,600.412574,15.186965,2.97659,17.681729,7.858546,25.638507,17.544204,5.717665,1.120642,204.64199,,61,onset_benchmark
10.21611,8.05501,12.387033,10.212181,1.234985,0.242053,597.249509,571.611002,624.852652,598.664047,16.382874,3.210984,11.787819,3.929273,19.646365,12.121807,5.126607,1.004796,191.867014,,61,speed
12.573674,10.206287,15.147348,12.642436,1.566833,0.307094,599.214145,575.638507,630.746562,601.748527,18.099693,3.547475,14.734774,5.89391,25.540275,15.46169,6.611918,1.295912,191.361925,,61,speed_benchmark
13.948919,11.188605,16.895874,14.019646,1.679287,0.329134,604.125737,577.504912,626.817289,602.534381,16.674458,3.268134,15.717092,7.858546,27.504912,16.797642,6.081917,1.192034,189.983703,,61,speed_onset
16.699411,14.145383,19.842829,16.744597,1.669353,0.327187,600.196464,569.744597,626.719057,598.978389,17.306833,3.392077,21.611002,13.654224,31.434185,21.453831,5.754539,1.127869,190.482592,,61,speed_onset_benchmark
12.916667,9.583333,17.104167,13.2625,2.255943,0.442157,570.833333,525.0,616.875,572.25,28.667689,5.618764,14.583333,4.166667,25.0,14.708333,6.738226,1.320668,206.361022,,63,base
14.166667,11.229167,17.541667,14.258333,2.080874,0.407844,575.0,541.666667,608.333333,575.041667,21.908254,4.293939,12.5,4.166667,29.166667,15.0,7.989541,1.565921,204.192305,,63,benchmark
12.708333,8.333333,15.833333,12.620833,2.104101,0.412396,570.833333,525.0,616.875,570.083333,26.013276,5.098508,12.5,4.166667,29.166667,14.75,8.989722,1.761953,206.975575,,63,onset
13.958333,10.833333,17.5,14.1375,2.217684,0.434658,570.833333,533.125,604.375,571.5,22.942249,4.496598,16.666667,4.166667,29.166667,16.791667,7.889151,1.546245,203.717175,,63,onset_benchmark
12.916667,9.583333,15.854167,12.9625,2.075233,0.406738,579.166667,524.791667,604.166667,572.333333,24.877083,4.875819,12.5,4.166667,29.166667,14.541667,7.408604,1.45206,196.987637,,63,speed
14.583333,11.25,18.333333,14.545833,2.024069,0.39671,572.916667,529.166667,616.666667,572.791667,27.142063,5.319747,16.666667,4.166667,29.166667,16.208333,8.052834,1.578326,194.974228,,63,speed_benchmark
13.333333,9.979167,17.083333,13.379167,2.323222,0.455343,575.0,537.291667,612.708333,573.333333,24.187121,4.740589,14.583333,4.166667,29.375,15.25,8.748497,1.714674,195.002767,,63,speed_onset
14.583333,11.645833,18.75,14.766667,2.340088,0.458649,566.666667,524.375,604.583333,568.583333,25.316598,4.961962,16.666667,4.166667,33.541667,18.5,8.669968,1.699283,194.103834,,63,speed_onset_benchmark
12.807377,10.758197,14.554303,12.732582,1.129244,0.221328,611.680328,591.188525,634.375,612.284836,13.543563,2.654489,17.418033,10.194672,24.590164,17.120902,4.369583,0.856423,174.998775,,64,base
18.237705,15.978484,20.389344,18.179303,1.287911,0.252426,613.729508,594.006148,637.346311,614.057377,13.206446,2.588416,21.516393,15.368852,30.788934,22.151639,4.613886,0.904305,174.473137,,64,benchmark
14.497951,12.5,16.403689,14.579918,1.205953,0.236363,612.192623,594.211066,636.270492,613.165984,12.336732,2.417955,19.467213,13.319672,26.639344,19.395492,4.3961,0.86162,174.873806,,64,onset
20.85041,18.83709,22.658811,20.834016,1.224688,0.240034,613.217213,589.036885,636.270492,612.684426,14.325755,2.807796,26.639344,19.415984,35.911885,26.864754,5.209323,1.021009,174.647083,,64,onset_benchmark
13.217213,11.987705,15.48668,13.483607,1.138423,0.223127,612.704918,591.188525,630.22541,611.834016,12.356486,2.421827,18.442623,12.243852,27.663934,18.668033,4.672805,0.915853,163.979646,,64,speed
19.364754,17.310451,21.009221,19.259221,1.130802,0.221633,612.704918,594.262295,633.196721,612.879098,12.415285,2.433351,24.590164,17.418033,31.762295,24.918033,4.657576,0.912868,164.489568,,64,speed_benchmark
15.317623,13.314549,17.01332,15.28791,1.1275,0.220986,610.655738,590.112705,629.252049,610.563525,11.813094,2.315324,21.516393,13.319672,29.713115,21.639344,5.165784,1.012475,165.407773,,64,speed_onset
21.721311,19.564549,23.57582,21.744877,1.333428,0.261347,613.217213,595.286885,634.32377,612.704918,12.318346,2.414351,28.688525,20.491803,35.860656,28.719262,4.874665,0.955417,165.227764,,64,speed_onset_benchmark
13.084112,8.411215,18.691589,13.037383,3.036021,0.595049,542.056075,467.28972,588.785047,537.570093,37.441661,7.338431,9.345794,0.0,28.504673,11.495327,11.102285,2.176008,182.205688,,66,base
18.691589,13.037383,24.299065,18.345794,3.713823,0.727896,523.364486,467.28972,589.252336,526.261682,39.532631,7.748253,18.691589,0.0,37.850467,18.224299,12.835977,2.515805,175.546276,,66,benchmark
14.018692,8.364486,17.803738,13.560748,3.265953,0.640115,542.056075,485.514019,607.476636,540.280374,38.170113,7.481205,9.345794,0.0,28.037383,11.308411,10.054766,1.970698,179.773964,,66,onset
17.757009,13.084112,23.457944,17.897196,3.281799,0.643221,532.71028,476.168224,589.252336,531.028037,35.053934,6.870445,9.345794,0.0,37.383178,15.514019,12.686992,2.486605,183.310327,,66,onset_benchmark
13.551402,7.476636,17.803738,12.925234,3.118251,0.611166,542.056075,485.514019,607.476636,544.485981,36.393489,7.132993,9.345794,0.0,28.037383,11.588785,9.309853,1.824698,173.948936,,66,speed
17.757009,12.149533,22.476636,17.82243,3.562502,0.698237,532.71028,476.635514,598.130841,533.551402,36.039649,7.063641,9.345794,0.0,28.504673,13.271028,11.207084,2.196548,175.920798,,66,speed_benchmark
13.084112,8.411215,19.672897,13.28972,3.382949,0.663046,551.401869,485.514019,598.130841,543.364486,36.35468,7.125386,9.345794,0.0,28.504673,12.990654,10.945422,2.145263,171.194356,,66,speed_onset
17.757009,13.084112,23.457944,17.747664,3.505683,0.687101,528.037383,466.82243,579.439252,526.261682,36.152083,7.085678,9.345794,0.0,37.383178,14.859813,11.121341,2.179743,175.516772,,66,speed_onset_benchmark
12.42892,11.210398,14.216084,12.601137,0.898476,0.176098,576.766856,558.69212,598.740861,577.392364,12.056173,2.362966,15.434606,11.33225,20.34931,15.65394,3.061063,0.599957,172.239066,,67,base
14.378554,12.591389,16.169781,14.322502,1.087534,0.213153,577.985378,559.585703,593.054427,577.660439,10.64038,2.085476,17.059301,12.956946,24.370431,17.912266,3.854384,0.755445,172.576017,,67,benchmark
12.510154,11.291633,13.980504,12.533712,0.856935,0.167956,575.142161,558.895207,592.404549,576.344435,10.740753,2.105149,15.434606,9.748172,21.12104,15.662063,3.473624,0.680818,171.872371,,67,onset
14.622258,12.904143,16.336312,14.545898,1.022072,0.200322,578.391552,561.251015,597.075548,578.724614,11.40336,2.235018,17.059301,12.144598,23.5987,17.392364,4.033074,0.790468,172.365064,,67,onset_benchmark
12.632006,11.283509,14.378554,12.628757,0.979212,0.191922,578.391552,560.235581,597.156783,577.587327,11.68137,2.289506,16.246954,9.748172,23.558083,16.336312,3.781969,0.741252,168.983315,,67,speed
14.541024,12.912266,16.328188,14.497157,1.106716,0.216912,579.610073,562.956946,594.679123,579.666937,10.205995,2.000338,17.871649,11.372868,25.182778,18.594639,4.298377,0.842466,168.602816,,67,speed_benchmark
12.591389,11.287571,13.976442,12.564582,0.901126,0.176617,578.391552,560.438668,593.216897,578.1316,10.255918,2.010123,16.246954,9.748172,22.745735,15.816409,3.642924,0.714,168.077563,,67,speed_onset
14.297319,12.916328,15.759545,14.300569,0.947346,0.185676,575.954509,558.69212,592.24208,576.320065,10.727648,2.10258,17.871649,12.185215,22.786353,18.025995,3.560082,0.697763,167.997415,,67,speed_onset_benchmark
11.805556,9.548611,13.723958,11.684028,1.328958,0.260471,675.347222,652.517361,701.5625,674.84375,15.854782,3.10748,15.625,6.944444,22.569444,14.791667,4.723893,0.925866,186.300832,,68,base
11.458333,9.539931,13.715278,11.375,1.204452,0.236068,676.215278,652.604167,704.861111,677.256944,16.653107,3.263949,13.020833,5.208333,22.569444,13.784722,4.98321,0.976691,186.796922,,68,benchmark
14.409722,12.317708,16.848958,14.413194,1.355829,0.265738,678.819444,650.868056,699.652778,676.753472,16.057798,3.147271,17.361111,8.680556,29.513889,18.038194,5.942232,1.164656,187.617303,,68,onset
13.888889,11.970486,16.319444,14.052083,1.381156,0.270702,675.347222,651.041667,699.739583,676.128472,15.88563,3.113526,17.361111,8.680556,26.128472,17.135417,5.249991,1.028979,185.200725,,68,onset_benchmark
12.673611,10.763889,14.765625,12.741319,1.316158,0.257962,681.423611,647.569444,711.892361,681.111111,18.381358,3.60268,15.625,8.680556,24.392361,16.076389,5.185603,1.01636,176.041274,,68,speed
12.152778,9.722222,14.0625,12.065972,1.261738,0.247296,676.215278,645.572917,701.475694,674.444444,18.519308,3.629718,15.625,8.59375,26.128472,16.041667,5.718875,1.120879,176.57686,,68,speed_benchmark
15.364583,13.012153,18.237847,15.418403,1.57747,0.309178,673.611111,647.135417,703.211806,673.767361,17.396315,3.409615,20.833333,10.416667,32.986111,21.579861,7.041337,1.380077,176.180766,,68,speed_onset
15.017361,12.838542,17.013889,14.991319,1.336696,0.261988,680.555556,645.659722,701.5625,677.552083,16.853651,3.303255,19.097222,10.416667,29.513889,19.722222,5.586378,1.09491,176.43353,,68,speed_onset_benchmark
11.007026,9.367681,12.652225,10.966042,1.052138,0.206215,593.676815,570.199063,613.641686,592.34192,13.022276,2.552319,11.709602,6.967213,18.735363,12.318501,3.663342,0.718002,190.127306,,69,base
13.81733,12.06089,15.462529,13.805621,1.030071,0.20189,592.505855,571.428571,614.754098,592.810304,13.434373,2.633089,15.222482,9.309133,22.248244,15.152225,4.190082,0.821241,190.782792,,69,benchmark
11.065574,9.016393,12.535129,11.039813,1.080159,0.211707,591.334895,572.540984,615.983607,592.868852,13.167888,2.580859,11.709602,7.025761,16.393443,12.36534,3.181092,0.623483,190.910908,,69,onset
13.81733,12.172131,15.696721,13.872365,1.122955,0.220095,591.334895,571.370023,611.299766,592.482436,13.031802,2.554186,15.222482,9.309133,21.077283,15.117096,3.676984,0.720676,191.842691,,69,onset_benchmark
11.065574,9.601874,13.003513,11.118267,0.992111,0.19445,593.676815,572.482436,613.583138,592.388759,13.042978,2.556377,12.880562,8.196721,19.906323,13.173302,3.551601,0.696101,180.502386,,69,speed
14.227166,12.763466,15.813817,14.266979,1.022679,0.200441,594.847775,571.370023,613.641686,593.875878,11.808603,2.314444,16.393443,9.367681,24.590164,16.721311,4.425617,0.867405,182.253759,,69,speed_benchmark
11.358314,9.133489,12.769321,11.264637,1.14125,0.223681,598.360656,573.653396,617.213115,596.557377,13.424885,2.631229,12.880562,7.025761,19.906323,13.067916,3.812443,0.747225,180.468357,,69,speed_onset
14.519906,12.868852,16.393443,14.563232,1.15927,0.227213,595.433255,573.770492,614.812646,593.594848,12.961763,2.540459,17.564403,10.480094,24.590164,17.388759,4.221547,0.827408,181.292988,,69,speed_onset_benchmark
16.60746,13.676732,18.827709,16.589698,1.494628,0.292942,625.222025,596.714032,650.17762,625.754885,17.12346,3.356136,19.538188,10.657194,30.284192,19.91119,5.747481,1.126486,193.235794,,70,base
17.05151,14.387211,19.20071,17.097691,1.53494,0.300843,627.886323,600.35524,655.595027,626.714032,16.231533,3.181322,19.538188,12.433393,30.284192,20.373002,6.035038,1.182846,192.392535,,70,benchmark
19.538188,17.220249,22.033748,19.584369,1.43671,0.28159,625.222025,602.042629,651.953819,625.186501,15.366747,3.011827,23.978686,15.89698,35.523979,24.298401,5.968268,1.169759,193.919382,,70,onset
20.248668,17.753108,23.454707,20.374778,1.804729,0.35372,626.110124,605.417407,650.08881,627.264654,14.527577,2.847353,24.866785,14.209591,35.612789,24.422735,6.628523,1.299167,193.067893,,70,onset_benchmark
18.206039,15.275311,20.968028,18.085258,1.721604,0.337428,625.222025,596.714032,653.730018,625.488455,17.546053,3.438963,23.090586,14.209591,32.060391,23.676732,6.362015,1.246932,173.947221,,70,speed
19.005329,16.500888,21.314387,18.934281,1.453991,0.284977,628.774423,598.490231,653.818828,628.507993,17.976662,3.523361,26.642984,15.98579,37.300178,26.305506,6.601159,1.293803,172.723038,,70,speed_benchmark
21.492007,18.641208,23.801066,21.238011,1.646067,0.322623,625.222025,593.250444,648.312611,623.0373,17.441271,3.418426,28.419183,15.98579,40.852575,28.650089,7.21895,1.414888,173.361348,,70,speed_onset
22.024867,19.706927,24.698046,22.218472,1.49166,0.29236,621.669627,596.802842,653.818828,622.930728,16.385074,3.211415,28.419183,17.761989,40.852575,29.076377,6.953623,1.362885,173.998051,,70,speed_onset_benchmark
22.438163,19.425795,25.088339,22.362191,1.746909,0.342388,610.424028,577.650177,637.809187,609.151943,17.645665,3.458487,31.80212,15.90106,44.257951,31.095406,7.968851,1.561866,161.099359,,71,base
21.908127,19.434629,24.575972,22.0,1.573357,0.308372,609.540636,584.628975,634.363958,609.310954,16.088639,3.153315,28.268551,19.34629,40.724382,29.151943,6.536355,1.281102,161.986097,,71,benchmark
22.791519,19.779152,25.45053,22.780919,1.747552,0.342514,608.657244,591.784452,630.918728,610.459364,12.766374,2.502163,30.035336,21.113074,42.402827,30.229682,6.662465,1.305819,160.034236,,71,onset
22.614841,19.779152,25.45053,22.722615,1.677039,0.328694,607.773852,584.805654,636.130742,610.318021,16.255658,3.186051,31.80212,17.667845,45.936396,31.39576,7.461492,1.462425,160.538548,,71,onset_benchmark
22.968198,20.309187,25.265018,22.849823,1.563018,0.306346,615.724382,588.250883,641.431095,613.074205,16.012703,3.138432,30.918728,19.434629,44.169611,31.519435,7.477806,1.465623,156.091037,,71,speed
22.173145,19.59364,24.911661,22.245583,1.730559,0.339183,611.30742,579.5053,632.597173,610.371025,15.841371,3.104852,31.80212,19.434629,42.402827,30.989399,6.721479,1.317386,156.161627,,71,speed_benchmark
23.233216,20.141343,25.459364,23.081272,1.707526,0.334669,611.30742,579.5053,643.109541,610.636042,19.069867,3.737625,31.80212,21.201413,42.402827,31.855124,7.219225,1.414942,156.398203,,71,speed_onset
22.349823,20.309187,24.911661,22.498233,1.519684,0.297853,612.190813,586.484099,636.042403,612.243816,15.861263,3.10875,30.035336,19.434629,42.402827,30.424028,6.815393,1.335793,156.41919,,71,speed_onset_benchmark
15.007899,12.464455,16.911532,14.958926,1.327769,0.260238,602.685624,573.459716,630.331754,603.380727,15.517354,3.041345,16.587678,7.898894,25.276461,16.682464,5.315104,1.041741,200.710446,,72,base
14.849921,12.78831,17.551343,14.849921,1.496522,0.293313,606.635071,570.221169,630.410742,604.849921,17.772244,3.483296,15.797788,7.898894,25.276461,15.987362,5.209521,1.021047,199.765067,,72,benchmark
14.849921,12.638231,17.093207,14.982622,1.385927,0.271637,601.895735,575.039494,624.091627,602.101106,15.264847,2.991855,15.797788,9.399684,23.775671,16.650869,5.057984,0.991347,201.512227,,72,onset
14.533965,12.796209,17.377567,14.684044,1.451261,0.284442,603.475513,579.699842,627.330174,602.432859,14.550503,2.851846,15.797788,7.898894,26.85624,16.129542,5.730369,1.123132,200.335343,,72,onset_benchmark
16.745656,14.684044,19.281201,16.890995,1.414545,0.277246,603.475513,579.541864,635.07109,604.423381,16.730866,3.279189,20.537125,12.638231,30.094787,20.947867,5.727398,1.122549,183.542212,,72,speed
16.903633,14.375987,18.823065,16.848341,1.378751,0.27023,598.736177,577.962085,629.06793,601.453397,17.606111,3.450734,22.116904,12.638231,30.094787,21.50079,5.604039,1.098371,185.375534,,72,speed_benchmark
16.982622,14.992101,19.296998,17.094787,1.435528,0.281358,607.424961,578.199052,627.330174,604.739336,16.460481,3.226195,20.537125,12.638231,31.595577,21.406003,6.20387,1.215936,184.92054,,72,speed_onset
16.587678,14.375987,18.799368,16.661927,1.378766,0.270233,601.895735,582.622433,627.330174,602.685624,14.322237,2.807107,20.537125,11.058452,28.515008,19.952607,5.762656,1.12946,185.022257,,72,speed_onset_benchmark
10.391061,8.826816,11.849162,10.356425,0.88231,0.17293,581.005587,559.608939,604.581006,580.301676,13.380194,2.62247,11.173184,6.703911,17.877095,11.877095,3.371293,0.660761,187.741907,,73,base
12.234637,10.709497,14.418994,12.334078,1.161357,0.227622,583.240223,562.011173,608.938547,583.329609,14.851529,2.910846,13.407821,7.765363,20.111732,13.22905,3.988345,0.781701,186.888396,,73,benchmark
15.642458,13.960894,17.547486,15.652514,1.110423,0.217639,582.681564,560.837989,603.407821,581.843575,12.971256,2.54232,16.759777,11.173184,22.402235,16.849162,3.571184,0.699939,185.080052,,73,onset
18.547486,16.536313,20.558659,18.687151,1.220492,0.239212,579.888268,562.011173,594.413408,578.871508,9.67834,1.89692,21.22905,14.469274,27.932961,21.150838,4.553839,0.892536,185.592475,,73,onset_benchmark
11.731844,10.391061,13.184358,11.848045,0.99264,0.194554,579.329609,563.072626,601.117318,580.692737,11.971987,2.346466,14.52514,8.938547,21.22905,14.52514,3.827916,0.750258,176.467551,,73,speed
14.413408,12.513966,15.98324,14.420112,1.08918,0.213475,578.77095,563.128492,597.765363,579.877095,11.309473,2.216616,18.994413,11.173184,25.698324,18.458101,4.573802,0.896449,175.690717,,73,speed_benchmark
17.653631,15.625698,19.893855,17.692737,1.253319,0.245646,583.240223,563.128492,603.463687,583.407821,12.500956,2.450142,21.787709,14.52514,30.167598,21.709497,4.500918,0.882164,175.346221,,73,speed_onset
21.340782,19.553073,23.798883,21.494972,1.316751,0.258079,581.564246,556.312849,600.0,580.145251,14.1686,2.776995,25.698324,17.877095,33.519553,25.798883,5.209544,1.021052,174.630918,,73,speed_onset_benchmark
12.771203,11.139053,14.501972,12.727811,1.043013,0.204427,625.246548,607.445759,643.047337,625.246548,11.56138,2.265989,15.779093,11.83432,22.682446,16.568047,3.534988,0.692845,173.769924,,74,base
14.990138,13.303748,16.863905,14.922091,1.03847,0.203536,625.739645,604.43787,646.942801,624.95069,13.157086,2.578742,18.737673,11.83432,24.704142,18.412229,4.265577,0.836038,173.284987,,74,benchmark
15.384615,13.609467,17.164694,15.268245,1.074154,0.21053,625.246548,601.5286,643.047337,624.38856,13.764415,2.697776,18.737673,11.83432,26.676529,19.575937,4.505971,0.883154,174.310499,,74,onset
18.244576,16.365878,19.728797,18.148915,1.144305,0.22428,626.232742,611.439842,646.153846,627.34714,11.321525,2.218978,22.682446,14.792899,28.648915,22.130178,4.250038,0.832992,174.603998,,74,onset_benchmark
13.757396,12.125247,15.389546,13.635108,1.0322,0.202308,627.218935,606.360947,647.04142,625.986193,12.92269,2.532801,18.737673,11.83432,24.654832,18.234714,3.873134,0.75912,165.507249,,74,speed
16.074951,13.999014,17.667653,16.076923,1.103175,0.216218,624.260355,606.459566,645.956607,625.453649,12.070456,2.365766,21.203156,13.806706,29.585799,21.765286,4.706202,0.922399,165.969429,,74,speed_benchmark
16.469428,14.891519,18.348126,16.517751,1.097865,0.215178,625.739645,603.550296,641.17357,624.753452,11.97502,2.347061,22.682446,16.765286,29.635108,22.662722,4.306663,0.84409,166.758074,,74,speed_onset
19.477318,17.741617,21.602564,19.538462,1.164797,0.228296,625.739645,607.445759,644.970414,625.315582,11.800447,2.312845,24.654832,19.674556,34.516765,25.848126,4.727113,0.926497,165.807634,,74,speed_onset_benchmark
9.700176,8.112875,12.001764,9.816578,1.246905,0.244389,654.320988,627.865961,675.485009,652.751323,14.710902,2.883284,12.345679,5.291005,19.400353,12.380952,4.635693,0.908579,191.527139,,75,base
11.463845,9.691358,13.236332,11.426808,1.104201,0.216419,649.029982,624.338624,679.012346,650.458554,16.585825,3.250762,14.109347,7.054674,22.92769,13.862434,4.821997,0.945094,189.342299,,75,benchmark
12.87478,11.27866,14.814815,13.022928,1.172761,0.229857,651.675485,629.453263,675.573192,651.957672,15.771184,3.091095,15.873016,8.818342,28.218695,17.213404,5.543985,1.086601,193.574509,,75,onset
14.991182,12.865961,17.636684,15.121693,1.362129,0.266972,654.320988,618.871252,682.539683,651.887125,19.795193,3.879786,17.636684,8.818342,28.218695,18.553792,5.93464,1.163168,190.752015,,75,onset_benchmark
10.582011,8.465608,13.059965,10.652557,1.458888,0.285937,650.793651,626.102293,673.809524,649.135802,15.243589,2.987689,14.991182,8.818342,22.92769,15.573192,4.874071,0.9553,168.837213,,75,speed
12.169312,10.05291,14.462081,12.246914,1.416118,0.277554,650.793651,629.541446,675.661376,652.257496,14.998892,2.939729,15.873016,8.818342,24.691358,16.613757,4.757449,0.932443,170.396815,,75,speed_benchmark
13.932981,11.984127,15.873016,14.001764,1.270538,0.249021,652.557319,629.541446,682.539683,653.333333,16.057652,3.147242,19.400353,10.493827,29.982363,19.559083,6.632738,1.299993,171.043292,,75,speed_onset
15.873016,13.56261,18.527337,15.943563,1.588192,0.31128,652.557319,620.811287,675.573192,650.582011,16.732154,3.279442,21.164021,12.257496,30.070547,20.952381,5.482207,1.074493,170.017847,,75,speed_onset_benchmark
6.779661,4.40678,9.152542,6.701695,1.442096,0.282646,605.084746,568.983051,647.79661,604.305085,24.979187,4.895831,6.779661,0.0,16.949153,7.118644,4.972218,0.974537,190.289528,,76,base
12.372881,9.491525,15.59322,12.535593,1.851666,0.36292,606.779661,565.932203,640.847458,607.79661,22.550024,4.419724,13.559322,3.389831,27.118644,14.372881,6.625888,1.29865,187.00669,,76,benchmark
7.118644,4.745763,10.169492,7.115254,1.489325,0.291902,606.779661,575.762712,654.237288,608.677966,25.573695,5.012352,6.779661,0.0,16.949153,8.169492,4.962755,0.972682,187.577203,,76,onset
12.542373,9.830508,15.610169,12.511864,1.834736,0.359602,613.559322,579.661017,644.237288,613.016949,20.411444,4.00057,13.559322,3.389831,27.118644,14.033898,6.571359,1.287963,187.655084,,76,onset_benchmark
6.949153,4.745763,9.491525,7.027119,1.483359,0.290733,613.559322,579.661017,647.627119,612.847458,22.687525,4.446673,6.779661,0.0,20.338983,8.372881,6.084074,1.192457,180.599121,,76,speed
12.881356,10.169492,14.932203,12.850847,1.503751,0.29473,610.169492,572.881356,637.457627,609.830508,20.466983,4.011455,16.949153,6.779661,27.288136,16.440678,6.904769,1.35331,176.922071,,76,speed_benchmark
7.118644,4.745763,9.508475,7.233898,1.480512,0.290175,606.779661,576.101695,644.40678,605.525424,21.599124,4.233351,6.779661,0.0,16.949153,8.135593,4.866038,0.953726,176.553447,,76,speed_onset
12.881356,10.152542,15.254237,12.728814,1.647602,0.322924,606.779661,576.101695,640.847458,608.338983,19.323025,3.787243,16.949153,6.779661,30.508475,17.016949,7.663347,1.501988,176.835393,,76,speed_onset_benchmark
21.297359,19.282434,23.995408,21.440873,1.422833,0.27887,605.625718,581.917336,625.774971,605.017222,13.288736,2.604544,27.554535,19.517796,34.500574,27.244546,4.762797,0.933491,169.765968,,77,base
19.632606,17.669346,22.27899,19.714122,1.272662,0.249437,602.755454,582.032147,621.182549,603.398393,12.400228,2.4304,26.406429,18.312285,34.500574,25.729047,4.879452,0.956355,169.430392,,77,benchmark
24.799082,22.38806,27.468427,24.908152,1.583763,0.310412,604.477612,584.328358,627.037887,604.626866,13.128662,2.573171,33.295063,24.110218,45.924225,33.455798,6.370516,1.248598,169.75674,,77,onset
23.134328,20.884041,25.752009,23.231917,1.50514,0.295002,602.755454,583.180253,623.421355,604.087256,12.263539,2.40361,29.850746,20.665901,42.479908,30.677382,6.765927,1.326097,169.636537,,77,onset_benchmark
22.962113,20.889782,25.614237,23.120551,1.456443,0.285458,602.755454,577.49713,623.47876,601.389208,13.235767,2.594163,34.443169,25.200918,44.776119,33.6969,5.634893,1.104419,158.625185,,77,speed
21.469575,19.276693,23.421355,21.343284,1.400776,0.274547,602.755454,582.089552,630.309989,603.570608,14.287087,2.800218,28.702641,21.756602,41.331803,29.747417,6.379027,1.250266,157.776018,,77,speed_benchmark
26.808266,25.017222,28.943743,26.882893,1.350433,0.26468,603.903559,587.71527,625.774971,605.223881,13.157757,2.578873,37.887486,27.554535,48.277842,37.577497,6.275409,1.229958,158.147093,,77,speed_onset
24.856487,22.026406,27.095293,24.726751,1.489604,0.291957,603.903559,580.884041,624.56946,602.985075,12.609643,2.471445,33.295063,24.110218,44.833525,34.144661,6.176533,1.210578,158.526709,,77,speed_onset_benchmark
15.324675,13.103896,17.272727,15.246753,1.287503,0.252346,564.935065,545.454545,587.012987,565.558442,12.762696,2.501442,18.181818,11.623377,28.636364,19.571429,5.6752,1.112319,170.292151,,78,base
17.532468,15.188312,19.876623,17.505195,1.332282,0.261122,566.233766,544.155844,584.480519,565.623377,13.067382,2.56116,20.779221,15.519481,32.467532,22.376623,5.23354,1.025755,169.603295,,78,benchmark
17.077922,14.928571,19.616883,17.118182,1.440116,0.282258,567.532468,540.194805,587.077922,564.766234,14.847292,2.910016,22.077922,14.220779,32.532468,22.636364,5.66017,1.109373,169.967886,,78,onset
19.87013,17.915584,21.967532,19.809091,1.304259,0.25563,563.636364,542.857143,587.077922,565.207792,13.293376,2.605454,24.675325,16.883117,36.363636,25.519481,5.554192,1.088602,169.490478,,78,onset_benchmark
15.714286,13.5,17.792208,15.668831,1.272512,0.249408,562.987013,544.155844,589.61039,564.506494,14.314968,2.805682,20.779221,11.688312,31.233766,21.142857,5.454233,1.06901,162.174687,,78,speed
17.987013,15.714286,19.876623,17.911688,1.329899,0.260656,563.636364,538.961039,584.480519,562.961039,14.065758,2.756838,24.025974,18.181818,32.467532,24.441558,5.176341,1.014544,160.668662,,78,speed_benchmark
18.181818,16.214286,20.0,18.106494,1.250609,0.245115,566.233766,546.688312,590.974026,567.116883,13.857585,2.716037,24.675325,16.883117,33.831169,24.428571,5.294514,1.037706,161.796112,,78,speed_onset
20.519481,18.181818,22.603896,20.606494,1.380607,0.270594,566.883117,547.922078,587.337662,566.025974,12.987957,2.545593,27.272727,19.480519,36.558442,27.415584,6.009497,1.17784,162.046076,,78,speed_onset_benchmark
14.991334,12.898614,16.555459,14.84922,1.190166,0.233268,574.523397,555.459272,590.164645,573.908146,11.125458,2.18055,18.197574,12.998267,25.216638,18.587522,4.172,0.817697,173.146744,,79,base
15.59792,13.60052,17.508666,15.574523,1.178467,0.230975,574.523397,555.415945,590.121317,573.015598,10.895595,2.135497,19.930676,14.731369,26.863085,20.459272,4.006018,0.785165,172.471032,,79,benchmark
14.904679,13.422877,16.65078,14.97487,1.123968,0.220294,572.790295,555.415945,592.807626,574.064125,11.92199,2.336667,19.064125,13.778163,25.996534,19.514731,4.24786,0.832565,172.987155,,79,onset
15.684575,13.951473,17.508666,15.7487,1.076181,0.210928,574.523397,553.596187,591.897747,573.743501,11.822353,2.317139,19.4974,12.998267,26.863085,19.939341,4.1704,0.817383,173.268247,,79,onset_benchmark
15.771231,14.211438,17.508666,15.710572,1.092818,0.214188,574.090121,553.72617,592.764298,573.596187,11.065958,2.168888,23.39688,15.59792,28.596187,22.590988,4.107653,0.805085,161.423895,,79,speed
16.594454,14.987002,18.206239,16.614385,1.000293,0.196054,572.790295,555.459272,594.4974,573.518198,11.800018,2.312761,21.663778,16.421144,30.372617,22.218371,4.462154,0.874566,161.930828,,79,speed_benchmark
16.031196,14.458406,17.850953,16.063258,1.015853,0.199104,575.389948,552.859619,591.897747,573.682842,11.740561,2.301108,20.363951,15.554593,31.282496,21.94974,5.513742,1.080673,162.246485,,79,speed_onset
17.071057,15.246967,18.730503,17.046794,1.120412,0.219597,574.090121,556.325823,591.854419,574.462738,10.973035,2.150675,23.39688,17.287695,31.195841,23.544194,4.10174,0.803926,161.904573,,79,speed_onset_benchmark
22.026432,18.061674,26.453744,22.118943,2.458184,0.481795,629.955947,577.092511,678.414097,628.281938,31.293103,6.133336,26.431718,13.215859,48.45815,29.162996,11.073656,2.170397,180.112691,,80,base
18.502203,14.096916,22.048458,18.211454,2.583327,0.506323,629.955947,585.903084,669.823789,628.898678,25.457968,4.98967,22.026432,12.995595,35.242291,23.171806,7.477592,1.465581,178.151833,,80,benchmark
21.145374,17.15859,26.057269,21.418502,2.898413,0.568079,627.753304,590.30837,669.823789,629.339207,25.410955,4.980456,26.431718,13.215859,48.45815,29.251101,10.355381,2.029617,179.515396,,80,onset
18.722467,14.096916,22.46696,18.550661,2.551776,0.500139,625.550661,577.092511,674.008811,626.035242,27.413893,5.373024,22.026432,8.810573,39.867841,23.215859,10.073951,1.974458,178.594491,,80,onset_benchmark
22.026432,18.480176,25.594714,21.969163,2.373273,0.465153,634.361233,590.088106,665.418502,631.189427,26.156475,5.126575,30.837004,17.621145,48.45815,30.30837,10.082217,1.976078,173.211359,,80,speed
18.061674,14.955947,22.907489,18.502203,2.306543,0.452074,629.955947,590.30837,661.013216,628.281938,24.75258,4.851416,22.026432,8.810573,39.647577,23.259912,10.608965,2.079319,170.304344,,80,speed_benchmark
21.145374,17.621145,26.453744,21.427313,2.577478,0.505176,629.955947,589.867841,669.603524,626.387665,24.158747,4.735027,30.837004,17.400881,48.45815,31.189427,11.036419,2.163098,172.197932,,80,speed_onset
18.502203,14.537445,22.511013,18.519824,2.616277,0.512781,625.550661,581.277533,661.013216,625.682819,25.103886,4.920271,26.431718,13.215859,39.647577,25.022026,9.34775,1.832125,169.269609,,80,speed_onset_benchmark
8.860759,7.428797,10.617089,8.974684,0.98315,0.192694,626.582278,598.101266,647.151899,624.477848,15.67837,3.072904,9.493671,4.746835,15.901899,10.189873,3.805451,0.745855,201.323075,,81,base
12.5,10.593354,14.414557,12.636076,1.335435,0.26174,625.791139,599.60443,648.734177,625.822785,15.68873,3.074935,14.240506,6.329114,20.648734,13.908228,4.233142,0.829681,200.305973,,81,benchmark
9.493671,7.745253,11.400316,9.542722,1.083635,0.212388,625.0,604.272152,651.898734,625.39557,15.060219,2.951749,11.075949,3.164557,17.405063,10.96519,4.521765,0.88625,204.825901,,81,onset
13.686709,11.693038,15.664557,13.762658,1.308647,0.25649,626.582278,597.943038,648.813291,625.474684,15.861894,3.108874,14.240506,7.911392,23.734177,14.952532,5.26166,1.031266,203.248159,,81,onset_benchmark
9.968354,8.06962,11.550633,9.900316,1.078854,0.211452,625.0,600.949367,653.481013,625.886076,16.457848,3.225679,12.658228,6.329114,19.066456,12.420886,4.197627,0.82272,188.946517,,81,speed
14.082278,12.175633,16.147152,14.102848,1.29029,0.252892,625.0,599.525316,645.96519,623.46519,16.484156,3.230835,15.822785,7.911392,23.734177,15.39557,4.564072,0.894542,189.569989,,81,speed_benchmark
10.759494,9.327532,12.816456,10.912975,1.156507,0.226671,629.746835,601.265823,653.639241,627.737342,17.391044,3.408582,14.240506,6.329114,20.648734,13.512658,4.708965,0.92294,189.706431,,81,speed_onset
15.031646,12.816456,17.428797,15.132911,1.484738,0.291003,621.044304,602.848101,648.892405,623.686709,13.814237,2.707541,18.987342,9.414557,26.898734,18.101266,5.551407,1.088056,188.384081,,81,speed_onset_benchmark
12.878788,10.736915,15.013774,12.763085,1.351741,0.264936,598.484848,578.443526,628.236915,599.352617,14.533238,2.848462,13.774105,8.195592,22.038567,13.99449,4.398312,0.862053,192.996619,,82,base
15.702479,13.774105,17.789256,15.707989,1.282287,0.251324,599.173554,575.757576,623.966942,599.352617,14.352782,2.813093,17.906336,12.396694,26.170799,18.856749,4.581737,0.898004,192.63986,,82,benchmark
13.085399,11.157025,15.165289,13.136364,1.221002,0.239312,596.418733,574.242424,620.041322,596.721763,13.951854,2.734513,15.151515,8.195592,22.038567,14.889807,4.398203,0.862032,193.102136,,82,onset
15.84022,13.498623,17.906336,15.743802,1.330777,0.260827,599.173554,575.688705,622.658402,598.099174,14.207744,2.784667,17.906336,9.641873,26.170799,17.892562,4.900265,0.960434,194.109424,,82,onset_benchmark
14.325069,11.563361,15.984848,14.219008,1.261484,0.247246,598.484848,574.173554,624.035813,596.969697,14.972751,2.934605,17.906336,9.641873,27.61708,18.347107,5.99882,1.175747,175.407029,,82,speed
17.630854,15.144628,19.979339,17.476584,1.456962,0.285559,599.173554,574.035813,621.280992,597.975207,15.297727,2.998299,22.038567,13.774105,31.680441,22.713499,5.133287,1.006106,175.703118,,82,speed_benchmark
14.049587,11.969697,16.115702,14.07438,1.319334,0.258585,597.796143,577.134986,621.212121,597.975207,14.974869,2.93502,17.906336,11.019284,26.170799,18.016529,4.746038,0.930206,174.917327,,82,speed_onset
17.424242,15.282369,19.57989,17.373278,1.367028,0.267932,598.484848,571.556474,618.4573,596.666667,13.557272,2.657176,22.727273,16.460055,34.435262,23.292011,5.461062,1.070348,175.126187,,82,speed_onset_benchmark
16.593886,14.403202,18.784571,16.676856,1.320418,0.258797,563.318777,542.86754,589.592431,566.157205,14.546297,2.851022,17.467249,11.572052,26.200873,18.209607,5.128612,1.005189,182.089716,,83,base
16.739447,15.262009,19.381368,16.988355,1.352136,0.265014,569.141194,541.411936,592.503639,567.641921,15.463536,3.030797,18.922853,10.189229,29.112082,19.010189,5.225041,1.024089,180.573979,,83,benchmark
16.521106,14.257642,18.777293,16.678311,1.376433,0.269776,570.596798,542.86754,592.576419,568.835517,15.001056,2.940153,17.467249,11.572052,27.656477,18.311499,5.102191,1.000011,181.440596,,83,onset
17.321689,15.138282,19.803493,17.347889,1.353099,0.265203,572.052402,545.778748,595.414847,570.669578,15.910913,3.118482,17.467249,10.189229,29.112082,18.52984,5.342646,1.047139,180.362893,,83,onset_benchmark
18.777293,16.448326,21.54294,18.810771,1.469921,0.288099,566.957787,545.705968,592.430859,567.627365,15.886069,3.113612,23.289665,14.556041,32.02329,23.114993,5.352351,1.049042,170.44186,,83,speed
19.213974,17.321689,21.404658,19.346434,1.308833,0.256527,564.774381,541.411936,589.519651,565.240175,16.19291,3.173752,24.017467,16.011645,33.478894,24.366812,5.750739,1.127124,170.930403,,83,speed_benchmark
18.558952,16.302766,20.822416,18.60262,1.403353,0.275052,567.68559,551.601164,592.430859,568.107715,12.817692,2.512222,23.289665,13.100437,33.478894,23.347889,6.013793,1.178682,170.283622,,83,speed_onset
19.359534,17.321689,21.54294,19.312955,1.331495,0.260968,566.957787,541.411936,596.797671,566.040757,16.632064,3.259825,23.289665,16.011645,33.478894,23.71179,5.957927,1.167732,170.152993,,83,speed_onset_benchmark
13.354531,11.430843,15.278219,13.3593,1.267326,0.248391,620.031797,589.825119,645.627981,620.858506,15.431275,3.024474,17.488076,9.538951,27.027027,17.440382,5.311231,1.040982,182.501351,,84,base
10.969793,9.054054,12.885533,10.965024,1.158723,0.227106,621.621622,600.794913,651.90779,624.308426,15.786563,3.09411,12.718601,6.3593,20.667727,13.688394,4.641399,0.909698,181.732974,,84,benchmark
19.077901,16.852146,21.963434,19.144674,1.617081,0.316942,623.211447,599.36407,647.217806,623.863275,15.339368,3.006461,25.437202,15.898251,34.976153,24.769475,6.156039,1.206562,184.332011,,84,onset
16.216216,13.664547,18.767886,16.168521,1.507648,0.295494,626.391097,605.643879,648.72814,626.041335,14.210094,2.785127,19.077901,11.128776,28.616852,19.491256,4.89167,0.95875,181.008222,,84,onset_benchmark
14.467409,12.400636,16.701113,14.505564,1.324588,0.259615,624.801272,599.284579,650.238474,624.531002,14.91911,2.924092,20.667727,9.538951,30.206677,20.953895,6.009982,1.177935,163.971774,,84,speed
11.605723,9.697933,13.831479,11.669316,1.252033,0.245394,621.621622,597.535771,651.90779,622.957075,16.25512,3.185945,15.898251,9.538951,25.516693,16.502385,5.041566,0.988129,163.152213,,84,speed_benchmark
20.826709,18.593005,23.537361,20.860095,1.552663,0.304316,624.801272,596.18442,652.225755,624.594595,17.00122,3.332178,30.206677,22.17806,41.335453,30.143084,5.896507,1.155694,164.203367,,84,speed_onset
17.011129,15.238474,19.236884,17.168521,1.370323,0.268578,621.621622,600.874404,650.397456,622.90938,16.349047,3.204354,23.847377,14.308426,35.055644,23.751987,6.827148,1.338096,161.454413,,84,speed_onset_benchmark
9.821429,8.247768,11.277902,9.820313,0.949207,0.186041,594.866071,574.720982,613.895089,594.665179,13.052566,2.558256,10.044643,5.580357,16.741071,10.892857,3.365531,0.659632,180.055669,,86,base
12.723214,11.272321,14.508929,12.859375,1.019641,0.199846,590.401786,571.372768,612.723214,592.087054,12.429559,2.436149,15.625,9.988839,22.321429,15.591518,4.183347,0.819921,180.226094,,86,benchmark
10.9375,9.263393,12.728795,11.034598,1.044038,0.204628,589.285714,572.544643,609.486607,589.810268,11.918974,2.336076,12.276786,7.8125,19.029018,13.091518,3.592417,0.704101,181.385997,,86,onset
13.839286,12.377232,15.864955,14.044643,1.149145,0.225228,590.959821,574.776786,614.006696,592.890625,12.739852,2.496965,16.741071,10.044643,22.377232,16.595982,3.907152,0.765788,181.384292,,86,onset_benchmark
10.267857,8.811384,11.835938,10.358259,0.955575,0.187289,590.401786,571.372768,611.71875,590.558036,12.860915,2.520693,12.276786,6.696429,18.973214,12.589286,3.86319,0.757171,171.097088,,86,speed
13.727679,11.824777,15.63058,13.789063,1.243956,0.243811,590.401786,572.488839,612.723214,590.479911,13.020597,2.55199,17.857143,10.044643,25.669643,17.433036,4.329158,0.848499,171.407474,,86,speed_benchmark
11.495536,9.821429,12.840402,11.433036,0.979454,0.191969,590.959821,570.3125,610.546875,589.620536,13.040145,2.555821,14.508929,8.872768,20.089286,14.006696,3.530664,0.691997,171.881793,,86,speed_onset
15.122768,13.387277,16.629464,15.063616,1.134127,0.222285,591.517857,569.084821,611.830357,591.015625,13.120823,2.571634,18.973214,12.276786,25.725446,18.783482,4.142849,0.811983,171.841753,,86,speed_onset_benchmark
13.098592,10.978873,14.795775,13.007042,1.292786,0.253381,584.507042,563.380282,610.140845,585.535211,15.157394,2.970795,15.492958,9.859155,22.605634,16.197183,4.309868,0.844719,173.179348,,87,base
14.929577,12.676056,16.760563,14.770423,1.185794,0.232411,590.140845,561.971831,615.492958,589.183099,16.189146,3.173014,18.309859,9.859155,25.422535,18.676056,4.620062,0.905515,172.305641,,87,benchmark
15.422535,13.661972,17.753521,15.502817,1.229694,0.241016,585.915493,564.71831,604.295775,585.549296,12.628735,2.475187,18.309859,9.859155,26.760563,18.633803,5.4415,1.066514,173.768216,,87,onset
18.098592,15.06338,20.0,17.850704,1.46379,0.286898,583.098592,563.239437,604.225352,584.183099,13.614074,2.66831,22.535211,14.084507,32.394366,22.394366,5.339819,1.046585,171.549902,,87,onset_benchmark
13.239437,11.528169,15.788732,13.411268,1.318143,0.258351,587.323944,564.71831,611.338028,587.760563,15.216556,2.98239,18.309859,9.859155,25.352113,17.746479,4.76684,0.934283,166.451148,,87,speed
15.352113,12.957746,17.330986,15.277465,1.281121,0.251095,590.140845,567.605634,609.859155,589.746479,13.740397,2.693068,18.309859,11.267606,29.647887,18.760563,5.359969,1.050535,165.325202,,87,speed_benchmark
16.338028,13.929577,18.591549,16.339437,1.430121,0.280299,589.43662,564.647887,611.267606,588.887324,14.22028,2.787124,21.126761,12.605634,32.464789,21.521127,5.587661,1.095162,166.206812,,87,speed_onset
19.084507,16.605634,20.852113,18.873239,1.473257,0.288753,588.732394,560.422535,607.112676,584.901408,16.204239,3.175973,25.352113,16.830986,35.211268,25.521127,5.768346,1.130575,164.62064,,87,speed_onset_benchmark
15.413534,12.960526,18.233083,15.674812,1.575819,0.308855,639.097744,610.902256,667.387218,638.045113,16.693925,3.271949,20.676692,11.278195,30.075188,20.545113,5.737944,1.124616,168.166661,,88,base
14.849624,12.593985,17.105263,14.889098,1.341787,0.262985,637.218045,610.714286,665.507519,636.466165,17.657413,3.460789,18.796992,13.06391,30.075188,19.736842,5.346715,1.047937,166.271889,,88,benchmark
18.984962,15.789474,21.823308,18.949248,1.927636,0.37781,636.278195,610.808271,665.413534,637.631579,17.272376,3.385324,26.315789,15.037594,35.902256,25.75188,7.260408,1.423014,168.596931,,88,onset
17.293233,15.028195,19.548872,17.229323,1.555147,0.304803,637.218045,610.714286,663.62782,637.067669,16.135935,3.162585,22.556391,14.943609,32.048872,23.045113,6.274885,1.229855,167.872892,,88,onset_benchmark
16.353383,14.088346,19.558271,16.447368,1.721426,0.337393,633.458647,603.383459,665.413534,634.210526,18.007654,3.529435,22.556391,11.278195,33.834586,22.838346,6.330125,1.240682,161.802321,,88,speed
14.849624,12.772556,17.490602,14.868421,1.380904,0.270652,637.218045,610.808271,661.654135,638.06391,16.606159,3.254747,18.796992,9.398496,28.289474,19.492481,6.11376,1.198275,161.208964,,88,speed_benchmark
19.548872,17.293233,22.387218,19.657895,1.568392,0.307399,637.218045,612.781955,665.413534,636.992481,17.070143,3.345687,26.315789,18.703008,39.473684,27.800752,6.534968,1.28083,162.437161,,88,speed_onset
17.763158,15.592105,20.864662,17.928571,1.61693,0.316912,637.218045,607.048872,671.146617,637.913534,19.704773,3.862065,24.43609,15.037594,35.714286,24.530075,6.397424,1.253872,161.219322,,88,speed_onset_benchmark
10.895884,8.958838,14.043584,11.1477,1.607558,0.315076,627.118644,595.27845,656.174334,626.949153,20.065003,3.932668,14.527845,4.842615,26.634383,14.552058,7.065511,1.384815,170.916441,,89,base
15.012107,12.566586,17.433414,15.002421,1.683142,0.32989,623.486683,590.677966,658.716707,625.230024,21.449609,4.204046,16.949153,9.68523,29.05569,18.353511,6.22502,1.220081,171.68814,,89,benchmark
17.433414,14.769976,19.854722,17.401937,1.548542,0.303509,628.329298,598.062954,653.995157,627.094431,17.222946,3.375635,21.791768,11.985472,33.898305,22.590799,7.397657,1.449914,172.368265,,89,onset
24.33414,21.053269,26.88862,24.244552,1.983465,0.388752,627.118644,600.363196,653.995157,626.924939,17.891414,3.506653,31.476998,16.949153,46.004843,31.622276,8.71195,1.707511,172.715125,,89,onset_benchmark
11.138015,8.946731,13.559322,11.16707,1.395517,0.273516,624.697337,590.677966,653.753027,623.268765,19.152462,3.753814,14.527845,4.842615,24.213075,14.769976,6.01524,1.178965,162.907305,,89,speed
15.012107,12.348668,17.941889,15.154964,1.681091,0.329488,629.539952,593.099274,656.174334,627.79661,18.714528,3.66798,20.581114,9.68523,33.898305,20.532688,7.280047,1.426863,162.916821,,89,speed_benchmark
17.675545,15.0,20.581114,17.598063,1.777252,0.348335,627.118644,595.520581,656.174334,625.738499,18.24076,3.575123,24.213075,12.106538,38.74092,24.624697,7.540373,1.477886,163.527859,,89,speed_onset
24.576271,22.021792,28.087167,24.760291,2.091009,0.40983,623.486683,598.062954,661.138015,625.835351,18.759961,3.676885,32.687651,19.249395,48.42615,33.075061,9.655959,1.892533,163.355039,,89,speed_onset_benchmark
11.666667,8.75,14.583333,11.5,1.795328,0.351878,550.0,508.333333,591.666667,548.708333,24.155888,4.734467,14.583333,3.958333,29.166667,15.0,8.03332,1.574502,154.65538,,90,base
17.5,13.3125,20.833333,17.283333,2.396482,0.469702,550.0,512.5,587.5,548.041667,23.115377,4.530531,22.916667,8.333333,41.666667,23.375,9.783268,1.917485,153.833962,,90,benchmark
13.333333,9.5625,17.083333,13.1,2.259256,0.442806,537.5,495.208333,583.333333,539.166667,26.285683,5.151899,16.666667,8.333333,33.541667,18.125,8.320171,1.630723,153.774853,,90,onset
20.0,16.25,23.354167,19.8875,2.253454,0.441669,543.75,499.791667,587.5,545.125,27.016429,5.295123,25.0,12.5,41.875,26.916667,9.593667,1.880324,153.85825,,90,onset_benchmark
11.25,8.333333,14.604167,11.366667,1.99086,0.390201,545.833333,512.083333,587.5,547.083333,24.933272,4.886832,16.666667,4.166667,29.166667,15.875,7.294101,1.429618,148.502065,,90,speed
17.083333,14.541667,21.6875,17.6375,2.341387,0.458904,541.666667,504.166667,579.166667,540.75,23.101148,4.527742,20.833333,8.333333,41.666667,23.583333,9.516584,1.865216,148.719116,,90,speed_benchmark
12.916667,10.0,15.833333,12.658333,1.910582,0.374467,550.0,512.291667,587.916667,548.416667,23.901072,4.684524,16.666667,4.166667,29.166667,16.0,7.805686,1.529886,149.346355,,90,speed_onset
20.416667,17.083333,23.75,20.508333,2.04174,0.400174,545.833333,495.625,587.5,543.291667,26.311656,5.15699,25.0,12.5,45.833333,28.416667,10.433572,2.044943,148.546584,,90,speed_onset_benchmark
9.608541,7.455516,12.117438,9.676157,1.55137,0.304063,612.099644,572.775801,644.128114,610.88968,23.008824,4.509647,10.676157,0.0,24.911032,12.633452,6.905337,1.353421,171.858235,,91,base
17.437722,14.181495,21.708185,17.548043,2.388973,0.46823,606.761566,576.512456,647.864769,608.754448,22.636644,4.436701,21.352313,10.676157,39.145907,23.701068,8.764172,1.717746,172.326969,,91,benchmark
11.743772,9.234875,14.590747,11.907473,1.768485,0.346617,608.540925,572.597865,640.747331,605.871886,22.469628,4.403966,14.234875,7.117438,25.088968,16.298932,6.321262,1.238945,171.5445,,91,onset
22.419929,18.843416,27.402135,22.533808,2.425737,0.475436,608.540925,569.217082,647.864769,607.295374,23.839768,4.672509,28.469751,14.234875,42.882562,29.252669,9.511192,1.864159,170.421666,,91,onset_benchmark
9.252669,6.743772,11.3879,9.192171,1.438733,0.281986,603.202847,569.217082,648.042705,606.441281,24.389979,4.780348,14.234875,3.558719,24.911032,13.345196,6.30495,1.235748,164.484891,,91,speed
17.615658,14.572954,21.014235,17.58363,2.060282,0.403808,608.540925,569.395018,647.864769,608.647687,25.439265,4.986004,21.352313,10.676157,35.587189,23.16726,7.860409,1.540612,165.309453,,91,speed_benchmark
11.743772,8.540925,14.946619,11.647687,2.07128,0.405963,608.540925,572.775801,640.747331,606.868327,21.022988,4.12043,17.793594,6.939502,28.469751,16.512456,7.072723,1.386228,163.636086,,91,speed_onset
22.597865,18.131673,26.370107,22.373665,2.65331,0.520039,606.761566,569.395018,658.362989,609.430605,26.579926,5.20957,28.469751,14.234875,46.263345,29.430605,10.314829,2.021669,165.065551,,91,speed_onset_benchmark
10.143043,8.315995,11.579974,10.107932,0.976252,0.191342,592.977893,566.840052,617.685306,591.443433,15.517284,3.041332,11.703511,6.501951,19.505852,12.249675,3.899769,0.764341,187.145119,,92,base
14.889467,12.613784,16.80104,14.691808,1.338321,0.262306,592.977893,568.270481,616.514954,593.407022,13.912701,2.726839,16.905072,9.102731,26.072822,17.542263,4.96464,0.973051,186.073212,,92,benchmark
13.003901,11.573472,15.351105,13.196359,1.237871,0.242618,590.377113,569.570871,612.483745,592.093628,13.125334,2.572518,15.604681,9.102731,23.407022,16.007802,4.522451,0.886384,186.9649,,92,onset
19.115735,17.16515,21.06632,19.148244,1.22412,0.239923,592.977893,573.407022,616.449935,594.109233,13.033625,2.554544,23.407022,15.604681,29.973992,22.925878,4.782959,0.937443,186.39048,,92,onset_benchmark
10.793238,8.96619,12.353706,10.717815,1.055662,0.206906,591.677503,568.270481,620.286086,592.574772,15.828235,3.102277,14.304291,7.802341,20.806242,13.940182,4.149739,0.813334,177.341102,,92,speed
15.344603,13.641092,17.821847,15.474642,1.308117,0.256386,592.327698,568.075423,616.514954,592.925878,14.963102,2.932714,19.505852,10.403121,28.608583,19.388817,5.508087,1.079565,177.023588,,92,speed_benchmark
14.044213,11.827048,15.871261,13.86736,1.204305,0.236039,592.977893,570.871261,612.483745,592.457737,12.796016,2.507973,16.905072,10.403121,26.072822,18.296489,5.443077,1.066823,177.397215,,92,speed_onset
20.026008,18.205462,22.496749,20.102731,1.303158,0.255414,593.628088,570.871261,609.882965,591.443433,12.419903,2.434256,26.007802,15.604681,33.875163,25.747724,5.750541,1.127085,177.116096,,92,speed_onset_benchmark
12.464046,11.025887,13.906999,12.502397,0.938512,0.183945,630.393097,610.738255,648.130393,630.728667,11.36837,2.22816,16.299137,10.450623,22.051774,15.973154,3.806463,0.746053,178.155943,,93,base
13.854267,12.368169,15.824545,13.940556,1.047982,0.205401,634.707574,614.573346,649.137105,633.844679,11.359484,2.226418,16.299137,11.505273,24.017258,17.123682,4.007986,0.785551,178.137615,,93,benchmark
20.230105,18.499521,22.056568,20.283797,1.106283,0.216828,632.790029,615.48418,652.061361,632.559923,11.263129,2.207533,25.886865,19.127517,33.604986,26.222435,5.259145,1.030773,179.027159,,93,onset
22.53116,20.704698,24.4535,22.51582,1.155257,0.226426,630.393097,612.607862,654.889741,631.505273,12.448183,2.439799,29.721956,21.093001,38.350911,29.28092,5.041071,0.988032,178.520005,,93,onset_benchmark
14.42953,12.751678,15.63279,14.317354,0.895068,0.17543,633.748802,616.442953,652.1093,633.365292,11.600114,2.273581,19.175455,11.505273,26.845638,19.395973,4.740015,0.929026,165.450298,,93,speed
15.723873,14.189837,17.449664,15.782359,1.096383,0.214887,637.583893,613.566635,653.88303,636.001918,12.189005,2.389001,21.093001,14.381592,27.852349,20.853308,4.526627,0.887202,165.50191,,93,speed_benchmark
23.106424,21.088207,25.12464,23.042186,1.235822,0.242217,634.707574,616.395014,652.972196,634.448706,10.934116,2.143047,32.598274,25.838926,41.275168,32.588686,5.198984,1.018982,165.751835,,93,speed_onset
25.599233,23.394056,27.516779,25.567593,1.3213,0.25897,631.831256,612.655801,651.198466,631.936721,11.597628,2.273093,35.953979,25.838926,47.938639,36.41419,6.614528,1.296424,165.853991,,93,speed_onset_benchmark
16.59292,14.369469,19.247788,16.550885,1.559868,0.305729,603.982301,577.433628,630.752212,604.845133,17.575479,3.444731,19.911504,8.849558,28.761062,19.535398,7.108743,1.393288,172.743613,,94,base
19.911504,16.581858,22.168142,19.789823,1.884471,0.369349,601.769912,570.685841,631.084071,601.637168,20.931532,4.102505,24.336283,11.061947,37.610619,24.269912,7.988991,1.565814,173.43911,,94,benchmark
16.371681,14.369469,19.247788,16.471239,1.504259,0.294829,597.345133,573.00885,623.893805,598.650442,17.260977,3.383089,19.911504,8.849558,30.973451,19.623894,6.814727,1.335662,173.402564,,94,onset
19.469027,16.59292,22.356195,19.40708,1.785785,0.350007,599.557522,575.110619,637.168142,603.539823,19.158564,3.75501,22.123894,13.274336,37.610619,23.584071,6.767879,1.32648,173.223124,,94,onset_benchmark
17.035398,14.137168,19.469027,16.85177,1.68022,0.329317,600.663717,570.79646,621.681416,599.225664,15.604004,3.058329,22.123894,11.061947,33.185841,21.769912,6.54883,1.283547,161.639214,,94,speed
20.575221,17.909292,23.904867,20.765487,1.821676,0.357042,602.876106,572.89823,626.216814,601.261062,16.948107,3.321768,26.548673,15.376106,39.823009,26.99115,7.300512,1.430874,163.27435,,94,speed_benchmark
16.814159,14.60177,19.480088,16.918142,1.502312,0.294448,601.769912,570.685841,628.429204,601.637168,18.112791,3.550042,22.123894,11.061947,31.084071,21.880531,6.945798,1.361351,160.733176,,94,speed_onset
20.353982,16.814159,23.893805,20.426991,2.104281,0.412431,599.557522,575.110619,634.955752,601.327434,18.077763,3.543177,26.548673,13.163717,39.823009,26.792035,8.283347,1.623506,162.124047,,94,speed_onset_benchmark
11.205674,9.056738,13.056738,11.222695,1.19414,0.234047,608.510638,585.744681,631.489362,608.35461,14.456724,2.833466,12.765957,7.092199,19.929078,13.191489,3.989093,0.781848,186.77416,,95,base
11.914894,10.347518,13.907801,12.022695,1.247549,0.244515,607.092199,581.560284,634.184397,607.716312,16.179385,3.171101,12.765957,7.092199,19.929078,13.021277,4.349228,0.852433,185.357618,,95,benchmark
14.680851,12.758865,16.744681,14.629787,1.293913,0.253602,605.673759,577.234043,628.439716,606.22695,15.33932,3.006452,17.021277,11.347518,25.531915,17.673759,4.890486,0.958518,184.728289,,95,onset
15.744681,13.617021,17.730496,15.653901,1.252816,0.245548,607.092199,585.815603,632.624113,607.29078,15.674986,3.072241,18.439716,9.929078,27.021277,18.411348,5.387054,1.055843,185.563728,,95,onset_benchmark
12.340426,10.347518,14.609929,12.438298,1.178795,0.23104,607.092199,582.907801,629.929078,607.347518,14.045281,2.752824,14.184397,9.858156,22.695035,15.035461,4.389322,0.860291,176.549421,,95,speed
13.475177,11.624113,15.468085,13.495035,1.160083,0.227372,607.092199,580.141844,632.836879,606.921986,16.785966,3.289989,17.021277,9.858156,24.184397,17.049645,4.880336,0.956528,175.612137,,95,speed_benchmark
16.453901,14.042553,18.312057,16.358865,1.315415,0.257817,607.092199,580.070922,628.58156,606.411348,15.059313,2.951571,19.858156,11.347518,27.092199,19.64539,5.192635,1.017738,175.414936,,95,speed_onset
17.163121,15.170213,19.304965,17.185816,1.336971,0.262042,608.510638,582.836879,625.744681,606.241135,14.430137,2.828255,22.695035,14.113475,31.276596,22.723404,6.128294,1.201123,175.234376,,95,speed_onset_benchmark
10.638298,8.503989,12.234043,10.530585,1.0811,0.211892,585.106383,561.103723,609.109043,584.986702,14.19207,2.781595,13.297872,6.648936,19.946809,12.93883,3.77474,0.739836,174.587475,,96,base
13.031915,10.890957,14.900266,13.06516,1.170685,0.22945,585.106383,555.784574,607.845745,583.656915,16.062427,3.148178,15.292553,9.308511,25.265957,15.864362,4.409413,0.864229,174.480714,,96,benchmark
15.026596,12.765957,16.761968,14.896277,1.310027,0.256761,583.776596,559.707447,605.25266,582.406915,14.886629,2.917726,19.281915,10.638298,29.255319,19.454787,5.784547,1.13375,176.097431,,96,onset
18.018617,15.691489,19.946809,17.920213,1.351785,0.264945,582.446809,557.114362,603.789894,581.742021,13.879468,2.720326,21.276596,14.62766,31.914894,22.101064,5.049655,0.989714,174.859192,,96,onset_benchmark
10.505319,9.042553,12.234043,10.618351,1.075415,0.210777,583.111702,562.433511,605.053191,584.055851,13.910115,2.726332,13.297872,6.648936,21.276596,13.736702,4.520625,0.886026,168.740385,,96,speed
13.630319,11.429521,15.558511,13.449468,1.317781,0.25828,581.781915,557.180851,606.382979,582.047872,14.111803,2.765863,17.287234,9.242021,25.398936,17.553191,5.494244,1.076852,168.331331,,96,speed_benchmark
15.026596,13.424202,17.027926,15.109043,1.223419,0.239786,585.106383,562.367021,610.43883,585.771277,14.326611,2.807964,19.946809,11.968085,29.321809,19.973404,5.616361,1.100786,168.958768,,96,speed_onset
18.484043,16.083777,20.345745,18.410904,1.338406,0.262323,581.117021,554.521277,603.723404,580.81117,13.62804,2.671047,23.93617,17.220745,33.31117,24.095745,5.286408,1.036117,168.700673,,96,speed_onset_benchmark
10.972089,9.417709,12.608277,10.974013,0.964889,0.189115,600.577478,577.478345,618.912416,600.009625,12.253293,2.401601,13.474495,7.699711,20.211742,13.493744,3.79596,0.743994,172.824994,,97,base
10.875842,9.432146,12.420597,10.897979,0.937131,0.183674,598.171319,577.478345,617.949952,599.258903,13.200649,2.58728,13.474495,7.699711,19.297401,13.416747,3.457571,0.677671,170.975336,,97,benchmark
11.068335,9.615014,12.897016,11.102021,1.012714,0.198488,596.727623,583.205005,617.949952,597.276227,10.493675,2.056722,14.436959,9.624639,20.259865,14.427334,3.448561,0.675906,172.260726,,97,onset
11.020212,9.042348,12.425409,10.889317,1.001906,0.19637,598.652551,579.403272,617.901829,598.267565,11.850271,2.32261,13.474495,7.699711,19.249278,13.493744,3.693513,0.723915,172.687899,,97,onset_benchmark
11.838306,10.101059,13.488932,11.79692,1.046153,0.205042,603.46487,581.3282,620.837344,602.810395,12.416225,2.433535,15.399423,9.624639,22.184793,15.668912,4.004908,0.784948,159.70537,,97,speed
11.74206,10.105871,13.484119,11.788258,0.998113,0.195627,600.577478,578.392685,618.912416,599.509143,12.199569,2.391072,16.361886,9.576516,23.099134,16.005775,3.987523,0.78154,159.868037,,97,speed_benchmark
11.934552,10.192493,13.282002,11.86333,1.016978,0.199324,600.577478,579.307026,617.949952,600.009625,12.881681,2.524763,15.399423,9.624639,23.099134,16.005775,4.07342,0.798376,160.683682,,97,speed_onset
11.934552,10.380173,13.570741,11.93359,1.037191,0.203286,597.690087,578.392685,616.073147,596.179018,11.903256,2.332995,15.399423,8.662175,22.13667,15.437921,4.277928,0.838459,160.504467,,97,speed_onset_benchmark
13.860104,11.658031,16.334197,13.930052,1.569964,0.307707,624.352332,587.953368,652.849741,622.564767,20.533784,4.024548,15.544041,5.051813,25.906736,14.974093,6.079349,1.191531,203.220379,,98,base
15.544041,13.199482,18.406736,15.676166,1.658021,0.324966,617.875648,585.492228,652.979275,618.445596,21.924168,4.297058,18.134715,7.772021,31.088083,18.601036,6.892547,1.350914,202.831869,,98,benchmark
17.746114,14.507772,20.479275,17.559585,1.881029,0.368675,619.170984,593.264249,647.797927,619.119171,16.990098,3.329998,19.430052,10.362694,33.80829,20.595855,7.20037,1.411247,203.595251,,98,onset
19.430052,16.321244,22.292746,19.233161,1.896298,0.371668,616.580311,582.772021,652.979275,616.968912,20.253482,3.96961,20.725389,10.362694,33.80829,21.787565,7.392882,1.448978,203.677382,,98,onset_benchmark
15.025907,11.658031,18.65285,15.03886,1.866845,0.365895,620.466321,585.233161,652.979275,618.937824,21.806394,4.273975,18.134715,5.181347,33.678756,18.471503,7.825525,1.533775,188.71403,,98,speed
16.321244,13.73057,19.702073,16.645078,1.786685,0.350184,621.761658,593.264249,652.979275,620.621762,18.877706,3.699962,18.134715,10.362694,31.088083,19.378238,6.243296,1.223663,189.967513,,98,speed_benchmark
19.041451,16.049223,21.787565,18.953368,1.958763,0.38391,621.761658,590.544041,650.388601,619.404145,21.15627,4.146553,25.906736,12.953368,36.398964,24.818653,7.356894,1.441925,189.015466,,98,speed_onset
21.243523,17.603627,24.119171,21.012953,2.012764,0.394494,621.761658,595.854922,653.108808,622.720207,17.856523,3.499814,27.202073,15.544041,38.989637,27.564767,7.927648,1.55379,190.032334,,98,speed_onset_benchmark
17.369186,14.818314,19.912791,17.302326,1.515435,0.29702,550.145349,523.18314,577.034884,551.947674,16.97261,3.32657,20.348837,13.081395,32.049419,21.293605,5.594638,1.096529,174.155815,,99,base
17.877907,16.264535,19.774709,17.906977,1.179916,0.231259,553.77907,531.976744,577.107558,553.15407,14.232608,2.78954,23.255814,13.081395,30.59593,22.747093,5.26044,1.031027,173.693643,,99,benchmark
22.52907,20.050872,24.571221,22.392442,1.379646,0.270406,552.325581,537.718023,578.488372,554.40407,13.515863,2.64906,27.616279,20.276163,39.244186,28.386628,6.670181,1.307331,174.214541,,99,onset
23.401163,21.213663,25.443314,23.31686,1.458644,0.285889,553.052326,527.616279,575.581395,552.674419,13.897095,2.72378,30.523256,18.822674,39.31686,29.302326,6.186391,1.21251,175.123154,,99,onset_benchmark
17.877907,15.545058,20.065407,18.013081,1.422211,0.278748,553.77907,529.069767,574.200581,552.369186,13.80208,2.705158,23.255814,15.988372,31.976744,23.968023,4.964586,0.973041,167.13072,,99,speed
18.895349,16.424419,21.228198,18.928779,1.443153,0.282853,548.69186,530.450581,577.034884,551.19186,14.938288,2.927851,24.709302,15.915698,36.409884,24.694767,6.878216,1.348106,165.638639,,99,speed_benchmark
23.69186,21.068314,25.87936,23.627907,1.395869,0.273585,553.052326,530.377907,574.127907,553.69186,14.180884,2.779402,31.25,21.802326,43.604651,31.686047,6.820594,1.336812,166.537614,,99,speed_onset
24.273256,21.199128,26.460756,24.181686,1.745245,0.342062,550.872093,526.090116,574.200581,552.354651,15.436257,3.025451,31.25,20.348837,42.151163,31.686047,6.779799,1.328816,165.973167,,99,speed_onset_benchmark
14.464286,12.375,15.720238,14.205952,1.09581,0.214775,604.761905,582.142857,628.630952,605.547619,13.086183,2.564845,17.857143,10.714286,25.0,18.357143,4.48376,0.878801,180.046012,,100,base
16.547619,14.160714,18.809524,16.528571,1.337775,0.262199,609.52381,585.714286,626.25,608.5,13.545032,2.654778,19.047619,13.095238,28.571429,20.309524,5.148508,1.009089,179.469345,,100,benchmark
15.0,13.208333,16.785714,15.019048,1.138942,0.223229,605.357143,584.52381,628.571429,606.047619,14.423021,2.82686,19.642857,11.845238,26.190476,19.369048,4.32672,0.848022,180.798,,100,onset
16.904762,15.357143,19.184524,17.041667,1.184494,0.232157,603.571429,584.464286,623.869048,604.297619,12.661037,2.481518,21.428571,15.47619,29.761905,22.035714,4.538706,0.88957,179.784125,,100,onset_benchmark
14.107143,12.5,16.071429,14.132143,1.108828,0.217326,605.952381,582.142857,628.690476,606.047619,13.762754,2.69745,17.857143,10.714286,27.380952,18.392857,5.048991,0.989584,176.254995,,100,speed
16.547619,14.047619,18.464286,16.395238,1.357466,0.266058,606.547619,580.952381,630.952381,606.940476,13.614645,2.668421,20.238095,11.904762,27.380952,20.27381,4.796218,0.940041,175.119567,,100,speed_benchmark
14.761905,13.214286,16.666667,14.692857,1.091375,0.213906,608.333333,586.845238,628.630952,607.654762,13.627467,2.670934,19.047619,13.095238,26.190476,19.547619,3.932669,0.770789,175.973662,,100,speed_onset
17.321429,14.875,18.809524,17.157143,1.252278,0.245442,605.952381,586.845238,628.809524,607.119048,14.223429,2.787741,20.833333,14.285714,30.952381,21.47619,4.941653,0.968546,175.913611,,100,speed_onset_benchmark
11.815562,8.069164,14.985591,11.772334,1.852484,0.36308,543.227666,512.824207,585.014409,544.293948,21.427818,4.199775,11.527378,5.619597,28.962536,14.293948,7.563001,1.482321,192.028708,,101,base
14.409222,11.786744,17.867435,14.567723,1.893244,0.371069,547.550432,512.824207,579.25072,545.850144,19.653031,3.851923,14.409222,5.763689,28.818444,15.619597,6.5943,1.292459,191.782976,,101,benchmark
15.850144,13.832853,19.610951,16.210375,1.925319,0.377356,546.10951,515.706052,576.512968,547.521614,20.855802,4.087662,18.731988,8.501441,34.582133,19.135447,7.895125,1.547416,191.984361,,101,onset
20.461095,17.291066,23.645533,20.43804,2.087665,0.409175,547.550432,515.850144,573.631124,546.340058,17.379044,3.40623,23.054755,11.527378,34.726225,23.487032,7.699913,1.509155,192.40909,,101,onset_benchmark
12.391931,9.783862,15.850144,12.622478,1.855029,0.363579,550.432277,515.850144,585.158501,551.29683,21.079869,4.131578,14.409222,8.501441,31.84438,16.714697,7.825541,1.533778,174.423781,,101,speed
16.138329,13.256484,19.884726,15.974063,2.000066,0.392006,547.550432,515.850144,579.25072,547.521614,18.692178,3.6636,17.291066,8.501441,31.700288,19.45245,7.216245,1.414358,177.293692,,101,speed_benchmark
17.002882,14.365994,20.201729,17.204611,1.973144,0.386729,550.432277,515.56196,576.512968,547.665706,21.101428,4.135804,20.172911,11.527378,34.582133,21.67147,6.761378,1.325206,177.813306,,101,speed_onset
22.190202,18.15562,25.360231,22.014409,2.140526,0.419535,544.668588,518.731988,582.132565,547.233429,21.045597,4.124861,28.818444,14.409222,43.227666,28.040346,8.292453,1.625291,176.882887,,101,speed_onset_benchmark
13.6,8.8,19.2,13.872,3.192355,0.62569,568.0,520.0,616.0,570.32,30.60167,5.997817,16.0,0.0,40.0,17.52,11.854744,2.323487,180.772252,,102,base
16.8,12.0,22.44,17.104,3.334119,0.653475,568.0,512.0,632.4,568.16,35.704375,6.997929,16.0,0.0,48.0,20.8,14.825585,2.905761,178.155998,,102,benchmark
13.6,8.8,18.4,13.448,2.938167,0.57587,568.0,519.6,616.4,568.72,31.839903,6.240506,16.0,0.0,40.0,18.64,12.917391,2.531762,179.514974,,102,onset
16.4,12.76,21.6,16.544,3.010296,0.590007,576.0,519.2,632.0,571.2,33.480886,6.562133,16.0,0.0,48.0,20.96,13.443424,2.634863,180.215307,,102,onset_benchmark
14.4,9.6,19.2,14.312,3.161168,0.619578,584.0,512.0,640.0,577.04,39.053944,7.654432,16.0,0.0,40.0,19.12,13.400799,2.626508,174.687462,,102,speed
16.8,11.96,21.64,16.936,3.087005,0.605042,584.0,528.0,632.0,580.88,33.420879,6.550372,24.0,0.0,32.0,20.48,10.806358,2.118007,176.870289,,102,speed_benchmark
13.6,8.76,20.0,14.04,3.274635,0.641817,568.0,519.6,624.4,569.68,36.284755,7.111681,16.0,0.0,40.0,17.44,13.804054,2.705545,176.317046,,102,speed_onset
16.8,11.96,21.6,16.664,3.006374,0.589239,576.0,527.6,624.0,578.32,30.111872,5.901819,16.0,7.6,40.0,19.68,11.730027,2.299043,177.651235,,102,speed_onset_benchmark
14.358974,12.136752,16.076923,14.336752,1.349632,0.264523,585.470085,564.017094,618.803419,587.794872,16.746921,3.282336,17.094017,10.25641,27.435897,17.811966,5.417493,1.061809,188.166535,,103,base
13.931624,11.786325,15.897436,13.911111,1.312405,0.257227,591.452991,560.683761,622.307692,590.068376,18.461562,3.6184,17.094017,8.547009,25.726496,16.598291,5.642281,1.105867,186.875671,,103,benchmark
14.358974,12.136752,16.581197,14.499145,1.344971,0.263609,585.470085,562.307692,610.34188,587.247863,14.958402,2.931793,17.094017,11.965812,27.350427,18.307692,4.885294,0.9575,188.14524,,103,onset
14.188034,12.290598,16.752137,14.268376,1.343011,0.263225,586.324786,565.811966,612.051282,587.333333,14.876637,2.915767,17.094017,10.17094,27.350427,17.555556,5.322266,1.043145,186.89003,,103,onset_benchmark
15.726496,13.504274,17.615385,15.649573,1.260225,0.246999,587.179487,558.888889,612.478632,587.57265,16.96029,3.324156,22.222222,10.25641,30.769231,21.794872,6.346775,1.243945,174.915716,,103,speed
15.384615,13.153846,17.102564,15.287179,1.314983,0.257732,592.307692,564.017094,618.974359,592.222222,17.436566,3.417504,18.803419,11.965812,29.059829,19.418803,5.627746,1.103018,175.389417,,103,speed_benchmark
15.726496,13.504274,17.786325,15.682051,1.450195,0.284233,588.034188,562.307692,612.051282,587.418803,16.348267,3.204201,20.512821,11.965812,30.854701,21.316239,5.923809,1.161045,175.277222,,103,speed_onset
15.213675,12.982906,17.273504,15.165812,1.295496,0.253913,592.307692,567.521368,615.641026,591.470085,16.237717,3.182534,18.803419,11.965812,29.059829,19.948718,5.876786,1.151829,175.150855,,103,speed_onset_benchmark
14.611111,12.427778,16.666667,14.516667,1.332901,0.261244,544.444444,526.611111,564.444444,545.833333,11.345865,2.223749,17.777778,12.166667,26.666667,18.766667,4.31025,0.844793,168.319642,,104,base
17.333333,15.772222,19.783333,17.49,1.208947,0.236949,547.777778,523.333333,567.833333,547.388889,12.690622,2.487316,23.333333,15.555556,31.166667,23.177778,4.941408,0.968498,168.338724,,104,benchmark
14.555556,12.761111,16.788889,14.631111,1.334351,0.261528,545.555556,526.5,566.777778,547.188889,12.879922,2.524418,18.888889,11.111111,25.555556,18.211111,4.633722,0.908193,168.618405,,104,onset
17.666667,16.0,19.683333,17.711111,1.158259,0.227015,548.888889,529.888889,571.222222,548.277778,12.68669,2.486546,23.333333,14.444444,31.166667,23.155556,5.562779,1.090285,168.612033,,104,onset_benchmark
15.388889,13.883333,17.338889,15.412222,1.086058,0.212863,546.666667,527.722222,567.944444,547.766667,12.405518,2.431437,22.222222,15.555556,30.0,21.9,4.360301,0.854603,157.264994,,104,speed
18.611111,16.866667,20.894444,18.658889,1.359934,0.266542,548.888889,526.555556,569.0,547.866667,13.389034,2.624203,25.555556,19.944444,34.5,25.722222,4.91447,0.963218,156.694595,,104,speed_benchmark
15.555556,13.333333,17.9,15.631111,1.307158,0.256198,547.777778,525.5,569.0,547.3,14.174069,2.778066,21.111111,15.5,30.0,21.433333,4.868376,0.954184,157.270561,,104,speed_onset
18.944444,17.216667,21.555556,19.065556,1.270213,0.248957,548.888889,530.888889,569.0,548.433333,11.686659,2.290543,25.555556,17.777778,33.333333,25.644444,4.892357,0.958884,156.051086,,104,speed_onset_benchmark
9.736308,7.900609,12.373225,9.858012,1.342704,0.263165,640.973631,612.474645,665.415822,640.547667,17.217065,3.374483,10.141988,4.056795,20.385396,11.521298,4.874638,0.955411,201.045883,,105,base
12.778905,10.740365,15.628803,12.894523,1.413058,0.276954,636.916836,612.373225,663.286004,638.154158,16.173038,3.169857,14.198783,8.01217,24.340771,15.192698,5.257061,1.030365,199.175117,,105,benchmark
9.533469,7.900609,11.78499,9.789047,1.301723,0.255133,638.945233,610.446247,669.371197,640.933063,18.478412,3.621702,12.170385,6.085193,22.312373,11.866126,5.02158,0.984212,202.55878,,105,onset
12.373225,10.537525,15.030426,12.602434,1.489071,0.291852,635.902637,608.41785,673.529412,637.951318,19.287282,3.780238,14.198783,6.085193,22.312373,14.807302,5.006038,0.981165,199.07618,,105,onset_benchmark
10.953347,8.924949,14.219067,11.060852,1.617448,0.317014,637.931034,610.547667,665.415822,638.275862,16.75652,3.284218,12.170385,6.085193,22.413793,13.833671,5.062833,0.992297,188.395115,,105,speed
14.198783,11.957404,16.8357,14.133874,1.410003,0.276356,640.973631,614.604462,665.314402,641.095335,15.639841,3.065352,16.227181,8.11359,26.470588,17.728195,5.94787,1.165761,188.728953,,105,speed_benchmark
11.054767,8.51927,13.184584,11.018256,1.501917,0.29437,638.945233,610.547667,665.415822,639.89858,17.042771,3.340322,14.198783,6.085193,20.283976,14.036511,4.154778,0.814322,188.329137,,105,speed_onset
14.300203,12.170385,17.03854,14.340771,1.581341,0.309937,636.916836,612.474645,665.415822,638.255578,16.838575,3.3003,18.255578,10.141988,28.397566,18.296146,5.470029,1.072106,189.627616,,105,speed_onset_benchmark
12.408759,9.708029,14.59854,12.301703,1.523324,0.298566,588.807786,549.756691,620.559611,588.515815,21.03647,4.123072,14.59854,4.86618,24.3309,14.501217,5.64997,1.107374,180.891622,,107,base
13.868613,11.435523,16.313869,13.851582,1.553231,0.304428,591.240876,556.934307,618.126521,588.540146,19.547169,3.831175,14.59854,7.29927,24.3309,15.085158,5.522372,1.082365,181.490281,,107,benchmark
12.408759,9.963504,14.854015,12.501217,1.446183,0.283447,587.591241,559.489051,622.871046,588.077859,19.1066,3.744825,12.16545,7.29927,24.3309,14.014599,5.839416,1.144505,180.830909,,107,onset
13.868613,10.693431,16.313869,13.749392,1.750259,0.343044,592.457421,559.489051,622.871046,590.875912,21.158615,4.147012,14.59854,7.29927,29.19708,16.20438,6.680947,1.309442,182.83842,,107,onset_benchmark
13.868613,11.192214,16.788321,13.973236,1.706585,0.334484,592.457421,569.343066,620.559611,593.79562,16.611723,3.255838,17.03163,7.29927,29.19708,17.542579,7.231741,1.417395,165.620936,,107,speed
15.815085,13.381995,18.017032,15.819951,1.44005,0.282245,588.807786,559.489051,625.304136,590.072993,20.225493,3.964124,19.46472,9.73236,31.63017,20.486618,6.680589,1.309371,168.470974,,107,speed_benchmark
13.625304,11.180049,16.557178,13.729927,1.631344,0.319737,586.374696,566.788321,625.304136,590.170316,18.517982,3.629458,17.03163,7.29927,26.885645,16.642336,6.622514,1.297989,166.218791,,107,speed_onset
15.450122,13.138686,18.260341,15.756691,1.685027,0.330259,581.508516,549.756691,613.260341,584.038929,19.660107,3.85331,19.46472,9.73236,34.06326,20.924574,6.776746,1.328218,166.434379,,107,speed_onset_benchmark
6.797853,5.187835,8.407871,6.762075,1.008119,0.197588,547.406082,524.150268,576.028623,548.0322,14.702058,2.88155,7.155635,1.788909,12.522361,6.86941,3.436993,0.673638,194.436021,,108,base
12.34347,9.651163,13.783542,12.026834,1.256708,0.24631,549.194991,524.060823,572.450805,548.711986,14.374049,2.817262,12.522361,5.366726,21.466905,13.237925,5.014878,0.982898,196.465901,,108,benchmark
12.701252,10.733453,15.205725,12.745975,1.373587,0.269218,547.406082,529.427549,570.751342,548.372093,14.618369,2.865148,14.31127,7.155635,25.044723,14.454383,5.258296,1.030607,195.062379,,108,onset
23.255814,20.572451,26.314848,23.305903,1.774226,0.347742,546.511628,518.515206,572.54025,544.830054,17.731767,3.475362,25.044723,14.31127,39.355993,26.028623,7.709602,1.511054,196.862098,,108,onset_benchmark
6.618962,5.178891,8.765653,6.744186,1.112243,0.217996,547.406082,522.271914,568.872987,546.601073,15.120451,2.963554,7.155635,1.788909,14.400716,7.65653,3.996726,0.783344,187.132784,,108,speed
12.16458,10.375671,14.669052,12.44186,1.309986,0.256753,549.194991,520.572451,572.54025,547.710197,15.200792,2.9793,14.31127,7.155635,23.255814,14.436494,4.683265,0.917903,189.54593,,108,speed_benchmark
12.611807,11.08229,14.856887,12.77102,1.16682,0.228693,545.617174,516.994633,568.962433,544.418605,15.497735,3.0375,14.31127,8.944544,21.556351,14.776386,4.128333,0.809138,187.198708,,108,speed_onset
23.52415,20.742397,26.127013,23.461538,1.749881,0.34297,546.511628,522.36136,572.54025,547.889088,16.544498,3.242662,28.62254,16.100179,39.355993,29.123435,6.996108,1.371212,188.931168,,108,speed_onset_benchmark
13.692748,11.541031,14.985687,13.549618,1.050538,0.205902,602.099237,583.969466,619.274809,602.471374,11.189499,2.193102,16.221374,10.496183,23.854962,16.746183,4.134582,0.810363,183.552444,,109,base
15.076336,13.263359,16.894084,15.031489,1.14395,0.22421,602.099237,580.104962,623.091603,601.412214,12.066013,2.364895,18.129771,11.402672,23.902672,18.053435,4.205827,0.824327,182.336985,,109,benchmark
13.358779,11.445611,14.699427,13.288168,1.047436,0.205294,602.576336,583.015267,618.51145,602.061069,11.312949,2.217297,15.267176,9.541985,21.946565,15.620229,3.851945,0.754967,183.395726,,109,onset
15.076336,13.835878,16.894084,15.221374,1.002469,0.19648,604.961832,584.875954,623.091603,603.158397,13.275141,2.60188,18.129771,11.450382,24.85687,18.110687,4.177964,0.818866,182.781258,,109,onset_benchmark
14.217557,12.590649,15.653626,14.197519,1.064565,0.208651,606.39313,588.740458,621.230916,605.133588,11.286465,2.212106,17.652672,11.402672,24.85687,17.519084,4.761383,0.933214,175.44051,,109,speed
16.030534,14.021947,17.762405,15.889313,1.27562,0.250017,603.053435,583.921756,623.187023,602.843511,12.853952,2.519328,20.992366,14.265267,26.717557,20.458015,4.310877,0.844916,175.762348,,109,speed_benchmark
14.074427,12.495229,15.663168,14.14313,1.072765,0.210258,603.530534,582.967557,625.14313,603.98855,12.712508,2.491606,17.175573,9.494275,24.80916,17.127863,4.176632,0.818605,176.004244,,109,speed_onset
16.125954,14.408397,17.471374,16.052481,1.022397,0.200386,602.099237,584.875954,618.368321,602.270992,11.050125,2.165785,20.992366,14.312977,28.625954,20.744275,4.292276,0.841271,175.709015,,109,speed_onset_benchmark
10.406091,8.629442,12.182741,10.35533,1.14735,0.224877,581.218274,556.514382,610.913706,581.844332,17.509538,3.431806,11.844332,6.76819,21.996616,12.85956,4.031467,0.790153,178.266154,,110,base
12.013536,10.152284,13.874788,12.062606,1.140092,0.223454,587.14044,554.99154,615.905245,585.329949,16.711099,3.275315,13.536379,5.076142,21.996616,13.94247,4.576529,0.896983,178.661154,,110,benchmark
15.989848,13.358714,17.952623,15.746193,1.655386,0.32445,583.756345,551.522843,604.230118,581.79357,16.335617,3.201722,18.612521,11.844332,30.456853,20.338409,5.988234,1.173672,179.160652,,110,onset
18.781726,16.41286,21.835871,18.92555,1.544504,0.302717,582.910321,556.683587,607.529611,583.604061,16.066748,3.149025,21.996616,13.536379,35.532995,23.130288,6.634649,1.300367,178.159887,,110,onset_benchmark
11.42132,9.28934,13.384095,11.323181,1.331599,0.260989,582.064298,558.121827,606.006768,583.502538,16.723416,3.277729,15.228426,8.460237,22.081218,15.042301,4.612877,0.904107,169.670274,,110,speed
13.536379,11.666667,15.744501,13.590525,1.299103,0.25462,580.37225,558.20643,605.837563,581.319797,15.907972,3.117905,18.612521,8.460237,27.072758,18.020305,5.897699,1.155928,169.96609,,110,speed_benchmark
16.920474,14.382403,19.796954,17.15736,1.639796,0.321394,582.064298,553.21489,607.529611,581.404399,16.820871,3.29683,23.688663,15.228426,33.840948,23.688663,5.801916,1.137155,171.267014,,110,speed_onset
20.135364,17.411168,23.350254,20.252115,1.688402,0.330921,583.756345,554.99154,607.445008,581.810491,15.813259,3.099342,27.072758,16.920474,38.91709,27.055838,6.25059,1.225093,170.026453,,110,speed_onset_benchmark
10.833333,9.234848,12.734848,10.898485,1.103626,0.216307,584.848485,559.015152,606.060606,583.969697,15.537149,3.045225,10.606061,6.060606,18.181818,11.787879,3.535878,0.693019,184.642394,,111,base
14.090909,11.818182,16.363636,14.133333,1.333472,0.261356,583.333333,562.045455,610.606061,582.833333,15.111755,2.96185,15.151515,9.090909,24.242424,15.272727,4.871388,0.954774,184.925688,,111,benchmark
13.409091,10.901515,15.924242,13.374242,1.477157,0.289517,580.30303,554.469697,607.575758,581.151515,15.090664,2.957716,15.151515,9.015152,24.318182,15.409091,5.018517,0.983611,183.830483,,111,onset
17.727273,15.901515,19.704545,17.793939,1.309828,0.256722,581.060606,557.424242,610.833333,581.318182,16.112838,3.158058,19.69697,13.636364,28.939394,20.818182,5.198118,1.018812,184.462147,,111,onset_benchmark
11.590909,9.848485,13.492424,11.666667,1.124801,0.220457,588.636364,557.424242,607.575758,585.454545,16.439022,3.221989,13.636364,7.575758,21.212121,13.590909,4.082966,0.800247,177.535829,,111,speed
15.30303,13.318182,17.583333,15.387879,1.341662,0.262961,578.787879,560.530303,604.621212,580.742424,14.374465,2.817343,19.69697,12.045455,28.787879,19.545455,5.650741,1.107525,178.420137,,111,speed_benchmark
14.69697,12.424242,16.818182,14.619697,1.391244,0.272679,586.363636,560.454545,603.106061,585.242424,13.86256,2.717012,16.666667,7.575758,25.757576,16.80303,5.087536,0.997139,177.295301,,111,speed_onset
19.621212,17.265152,21.371212,19.459091,1.258166,0.246596,581.060606,560.530303,604.848485,583.242424,15.042183,2.948214,22.727273,15.151515,31.893939,23.590909,5.019441,0.983792,177.067515,,111,speed_onset_benchmark
13.478261,11.293478,16.086957,13.617391,1.463866,0.286912,591.304348,558.586957,608.913043,587.326087,17.383219,3.407048,15.217391,6.521739,26.086957,16.152174,6.025277,1.180933,185.010148,,112,base
15.869565,13.25,17.836957,15.626087,1.51223,0.296392,582.608696,558.695652,615.217391,584.391304,17.785873,3.485967,17.391304,6.521739,28.369565,17.891304,6.676219,1.308515,184.171272,,112,benchmark
19.130435,16.945652,21.771739,19.243478,1.575977,0.308886,584.782609,552.173913,615.217391,584.586957,17.339336,3.398447,21.73913,15.108696,34.782609,23.326087,6.810718,1.334876,184.189423,,112,onset
21.956522,19.554348,24.130435,21.854348,1.613092,0.31616,584.782609,560.76087,610.978261,585.347826,16.322622,3.199175,26.086957,17.391304,39.130435,26.73913,7.062894,1.384302,185.773794,,112,onset_benchmark
14.130435,11.717391,16.086957,13.943478,1.494364,0.29289,586.956522,554.23913,619.565217,587.217391,20.449868,4.0081,17.391304,8.695652,28.26087,18.282609,5.903948,1.157153,174.977503,,112,speed
15.652174,13.01087,18.26087,15.508696,1.65941,0.325238,586.956522,556.521739,610.869565,587.0,15.712748,3.079642,18.478261,10.869565,28.26087,19.108696,6.088642,1.193352,175.761685,,112,speed_benchmark
19.456522,17.380435,23.043478,19.828261,1.917285,0.375781,584.782609,560.869565,613.043478,585.804348,16.614902,3.256461,23.913043,15.217391,36.956522,24.76087,7.285107,1.427855,174.772552,,112,speed_onset
22.826087,19.554348,25.0,22.428261,1.809631,0.354681,584.782609,556.521739,615.217391,585.586957,19.260683,3.775025,29.347826,19.456522,43.478261,30.478261,7.324871,1.435648,174.989074,,112,speed_onset_benchmark
12.320329,10.882957,13.870637,12.38809,0.962817,0.188709,623.203285,603.644764,647.843943,624.055441,13.958108,2.735739,16.427105,10.26694,21.560575,16.201232,3.722107,0.729519,165.779603,,113,base
14.887064,13.444559,16.432238,14.950719,1.005716,0.197117,627.823409,603.696099,644.045175,626.796715,12.221846,2.395438,19.507187,12.320329,24.691992,19.291581,4.159061,0.815161,165.420054,,113,benchmark
16.735113,15.189938,18.803901,16.842916,1.108032,0.21717,626.283368,606.673511,646.919918,626.221766,12.843996,2.517377,21.560575,13.295688,30.800821,21.457906,4.893484,0.959105,166.218373,,113,onset
20.277207,18.578029,22.387064,20.336756,1.285962,0.252044,625.770021,609.804928,645.893224,626.088296,11.313599,2.217425,25.667351,20.482546,34.907598,26.786448,4.74231,0.929476,167.339267,,113,onset_benchmark
13.141684,11.39117,14.784394,13.148871,1.02246,0.200398,627.310062,604.671458,645.841889,625.523614,12.101131,2.371778,16.427105,11.293634,24.691992,17.156057,4.146241,0.812648,159.397803,,113,speed
15.913758,13.963039,17.772074,15.918891,1.208859,0.236932,624.743326,606.724846,642.967146,624.958932,12.355965,2.421725,21.560575,14.322382,30.800821,21.765914,5.094954,0.998593,160.138505,,113,speed_benchmark
17.915811,16.113963,19.414784,17.864476,1.104338,0.216446,622.689938,608.829569,642.710472,623.49076,10.102894,1.980131,24.640657,18.429158,31.87885,24.568789,4.599057,0.901399,160.900251,,113,speed_onset
21.868583,19.712526,23.824435,21.928131,1.31612,0.257955,622.689938,606.776181,645.841889,624.815195,11.929781,2.338194,30.800821,22.587269,40.041068,30.73922,5.2368,1.026394,161.844223,,113,speed_onset_benchmark
13.709677,11.290323,15.975806,13.596774,1.429909,0.280257,628.225806,596.774194,654.919355,627.33871,16.877976,3.308023,16.129032,9.677419,25.967742,17.483871,5.413945,1.061114,174.715404,,115,base
11.290323,8.870968,13.225806,11.237097,1.344781,0.263572,629.83871,601.451613,656.532258,628.548387,16.248337,3.184616,14.516129,6.451613,24.193548,14.725806,5.09867,0.999321,174.20596,,115,benchmark
13.548387,11.290323,15.5,13.627419,1.331711,0.261011,627.419355,601.532258,656.451613,628.177419,16.845375,3.301633,17.741935,11.290323,27.5,18.612903,5.024771,0.984837,174.028397,,115,onset
11.370968,9.354839,12.91129,11.335484,1.220642,0.239241,625.806452,596.774194,643.629032,624.209677,15.023176,2.944488,14.516129,6.451613,24.193548,14.741935,5.131369,1.00573,175.1835,,115,onset_benchmark
14.83871,12.41129,16.774194,14.740323,1.352155,0.265017,629.032258,604.758065,654.83871,629.048387,16.118431,3.159154,20.967742,12.822581,30.725806,21.548387,5.864989,1.149517,161.891756,,115,speed
11.774194,10.0,14.516129,11.927419,1.313609,0.257463,625.806452,595.080645,646.854839,624.774194,15.822303,3.101114,16.129032,8.064516,24.193548,16.435484,4.707658,0.922684,163.104259,,115,speed_benchmark
14.354839,11.774194,16.612903,14.435484,1.441258,0.282481,627.419355,604.83871,646.854839,626.645161,13.444731,2.635119,20.967742,12.903226,29.032258,20.870968,5.211651,1.021465,163.553425,,115,speed_onset
11.935484,9.991935,13.717742,11.848387,1.1199,0.219496,624.193548,604.83871,654.919355,626.5,16.078865,3.1514,17.741935,9.677419,24.274194,17.677419,4.747816,0.930555,162.019047,,115,speed_onset_benchmark
11.727273,10.359091,13.277273,11.822727,0.891602,0.174751,594.545455,578.0,610.0,594.009091,10.002166,1.960389,13.181818,8.181818,20.045455,13.727273,3.619105,0.709332,167.480655,,116,base
12.5,11.168182,14.0,12.496364,0.932877,0.182841,595.909091,574.545455,619.272727,597.418182,14.013886,2.746671,15.454545,9.090909,22.727273,15.309091,4.01957,0.787821,167.841366,,116,benchmark
12.0,10.545455,13.545455,12.014545,0.919565,0.180231,597.727273,579.954545,613.681818,597.690909,10.85956,2.128435,13.181818,6.363636,20.0,13.263636,3.942772,0.772769,168.306427,,116,onset
12.454545,10.722727,14.090909,12.497273,0.971972,0.190503,598.181818,580.863636,618.181818,598.318182,11.540768,2.261949,15.454545,9.954545,20.909091,15.090909,3.58783,0.703202,168.02986,,116,onset_benchmark
12.636364,11.359091,14.363636,12.692727,0.990461,0.194127,596.818182,579.045455,614.727273,597.709091,11.777836,2.308413,16.818182,10.0,22.727273,16.427273,3.848832,0.754357,153.987442,,116,speed
13.363636,12.081818,15.009091,13.396364,0.911157,0.178583,597.272727,579.045455,620.045455,598.4,12.750287,2.49901,17.272727,11.772727,24.590909,17.681818,4.143625,0.812136,153.574869,,116,speed_benchmark
12.818182,11.268182,14.368182,12.820909,0.988747,0.193791,595.0,578.045455,615.5,595.9,11.990685,2.350131,16.363636,11.818182,24.545455,17.2,3.998664,0.783724,153.853901,,116,speed_onset
13.363636,12.0,15.095455,13.45,1.012682,0.198482,596.363636,573.590909,615.5,595.918182,12.43767,2.437739,18.181818,12.727273,22.863636,17.963636,3.661803,0.7177,154.727712,,116,speed_onset_benchmark
16.370107,13.523132,19.217082,16.548043,1.904376,0.373251,633.451957,594.30605,669.039146,632.384342,23.226185,4.552249,17.793594,10.676157,35.587189,19.572954,7.712631,1.511648,188.492658,,117,base
17.437722,13.879004,20.996441,17.352313,2.194395,0.430093,633.451957,604.80427,672.597865,634.092527,20.461297,4.010341,21.352313,10.676157,35.587189,20.142349,7.333784,1.437395,185.519469,,117,benchmark
17.437722,13.86121,21.014235,17.455516,2.138449,0.419128,629.893238,597.686833,669.039146,631.601423,24.054008,4.714499,21.352313,10.498221,35.587189,22.455516,8.858179,1.736171,187.842686,,117,onset
17.97153,14.590747,20.640569,17.875445,1.867993,0.36612,633.451957,601.423488,672.775801,633.451957,23.101928,4.527895,21.352313,10.498221,39.145907,22.348754,8.297204,1.626222,185.373452,,117,onset_benchmark
16.725979,13.505338,20.640569,16.939502,2.177353,0.426753,633.451957,594.30605,658.540925,632.669039,21.132991,4.14199,19.572954,10.676157,39.145907,22.064057,8.628545,1.691164,179.075654,,117,speed
18.149466,14.234875,21.725979,18.042705,2.317656,0.454252,629.893238,601.245552,665.480427,633.523132,21.086935,4.132963,21.352313,10.676157,39.145907,21.814947,8.711981,1.707517,176.387402,,117,speed_benchmark
17.437722,13.523132,21.014235,17.505338,2.297252,0.450253,629.893238,601.423488,672.597865,633.523132,21.044427,4.124632,21.352313,10.676157,35.587189,22.099644,8.618087,1.689114,178.846635,,117,speed_onset
18.327402,14.946619,22.064057,18.619217,2.243262,0.439671,628.113879,590.747331,665.658363,629.145907,23.882229,4.680831,21.352313,10.676157,39.145907,23.487544,8.891404,1.742683,177.165865,,117,speed_onset_benchmark
9.205021,7.520921,11.087866,9.261506,1.162279,0.227803,594.142259,569.037657,625.523013,595.857741,16.96825,3.325716,10.460251,4.1841,20.920502,11.443515,4.761843,0.933304,193.631946,,118,base
10.669456,8.577406,12.771967,10.654812,1.25532,0.246038,594.142259,571.025105,629.707113,596.108787,19.906583,3.901618,12.552301,6.276151,20.920502,13.179916,4.817638,0.94424,193.618401,,118,benchmark
12.343096,10.658996,15.062762,12.481172,1.426424,0.279574,593.096234,568.933054,619.351464,593.598326,17.103813,3.352286,15.690377,8.368201,25.104603,15.606695,5.478204,1.073708,191.903779,,118,onset
14.435146,11.485356,16.966527,14.422594,1.673593,0.328018,598.32636,564.748954,619.246862,595.606695,17.63545,3.456485,16.736402,8.368201,29.288703,17.301255,6.972581,1.366601,192.988552,,118,onset_benchmark
9.414226,7.730126,11.516736,9.585774,1.236916,0.242431,600.41841,566.841004,633.891213,597.573222,19.752081,3.871337,12.552301,6.276151,20.920502,13.389121,4.87692,0.955859,179.704059,,118,speed
10.983264,8.786611,12.970711,11.09205,1.421382,0.278586,596.23431,573.117155,621.338912,596.004184,16.638101,3.261008,14.644351,6.171548,23.117155,14.393305,5.828991,1.142461,178.449866,,118,speed_benchmark
12.970711,10.658996,15.899582,13.079498,1.613792,0.316297,596.23431,570.920502,623.430962,595.564854,17.27167,3.385185,16.736402,10.355649,27.196653,17.615063,5.674499,1.112181,180.979148,,118,speed_onset
14.644351,12.751046,16.945607,14.700837,1.331407,0.260951,594.142259,564.853556,623.430962,594.016736,18.31504,3.589682,18.828452,10.460251,29.393305,19.790795,6.28966,1.232751,179.526861,,118,speed_onset_benchmark
10.994398,9.383754,13.172269,11.086835,1.101134,0.215818,609.243697,586.764706,631.652661,608.389356,13.858971,2.716308,11.204482,5.602241,18.277311,12.072829,3.950263,0.774237,193.071537,,119,base
10.644258,8.543417,12.745098,10.733894,1.202918,0.235768,612.044818,578.361345,634.453782,610.854342,16.047285,3.14521,12.605042,7.002801,18.207283,12.114846,3.805122,0.74579,193.204772,,119,benchmark
11.764706,9.803922,13.59944,11.726891,1.166345,0.228599,608.543417,586.764706,628.991597,608.319328,12.757723,2.500468,12.605042,5.532213,19.677871,12.563025,4.285515,0.839945,192.968068,,119,onset
11.064426,9.383754,12.471989,10.971989,1.040345,0.203904,607.843137,589.565826,626.120448,608.459384,11.785907,2.309995,12.605042,5.602241,19.607843,12.32493,4.011088,0.786159,193.377861,,119,onset_benchmark
13.305322,11.344538,15.406162,13.347339,1.251512,0.245292,609.243697,585.364146,626.120448,606.302521,13.099907,2.567535,16.806723,9.803922,26.610644,17.016807,5.207704,1.020691,174.352869,,119,speed
12.745098,10.637255,14.726891,12.656863,1.274908,0.249877,607.843137,585.294118,631.652661,607.492997,14.480497,2.838125,16.806723,9.803922,23.879552,16.456583,4.737522,0.928537,174.82886,,119,speed_benchmark
14.145658,11.904762,15.966387,14.116246,1.182279,0.231722,610.644258,583.963585,633.123249,609.117647,15.397923,3.017937,18.207283,9.803922,25.210084,18.053221,4.731328,0.927323,174.440867,,119,speed_onset
13.305322,11.05042,14.985994,13.190476,1.218443,0.23881,609.243697,579.761905,630.322129,607.745098,15.113699,2.962231,16.806723,9.803922,25.210084,16.778711,4.392935,0.860999,175.512298,,119,speed_onset_benchmark
10.901163,8.430233,13.662791,10.886628,1.581661,0.31,610.465116,578.343023,639.534884,608.895349,19.963122,3.9127,11.627907,2.906977,20.348837,11.715116,5.504059,1.078776,203.25526,,120,base
14.825581,12.47093,17.456395,14.758721,1.625564,0.318605,610.465116,569.622093,645.494186,609.912791,23.687469,4.642659,17.44186,8.575581,29.215116,18.459302,7.125104,1.396495,202.607711,,120,benchmark
10.465116,8.125,13.372093,10.598837,1.652419,0.323868,616.27907,578.343023,651.162791,613.80814,22.301658,4.371045,8.72093,2.906977,20.348837,10.988372,5.688991,1.115022,200.879723,,120,onset
14.825581,12.194767,17.44186,14.828488,1.68012,0.329298,611.918605,575.436047,636.918605,610.116279,20.132835,3.945963,17.44186,8.72093,29.215116,17.267442,7.0097,1.373876,202.469523,,120,onset_benchmark
11.627907,8.72093,14.244186,11.491279,1.706315,0.334432,613.372093,584.302326,645.348837,614.011628,18.963912,3.716858,14.534884,5.668605,26.162791,13.488372,6.565788,1.286871,188.76472,,120,speed
15.697674,12.485465,19.476744,15.613372,2.05026,0.401844,614.825581,584.302326,648.255814,614.505814,19.348526,3.792241,17.44186,8.72093,32.122093,18.72093,6.917768,1.355858,188.723048,,120,speed_benchmark
11.482558,9.302326,13.953488,11.575581,1.495105,0.293035,616.27907,584.156977,648.546512,615.901163,20.091985,3.937957,14.534884,2.906977,26.162791,13.75,6.634783,1.300394,188.723346,,120,speed_onset
15.116279,12.776163,18.604651,15.398256,1.738527,0.340745,616.27907,581.25,648.401163,614.505814,22.600192,4.429556,17.44186,8.72093,31.976744,18.110465,7.794271,1.527649,189.464261,,120,speed_onset_benchmark
11.876485,9.026128,14.489311,11.684086,1.646241,0.322657,608.07601,577.19715,634.204276,607.125891,17.78471,3.485739,14.251781,7.007126,26.247031,15.43943,6.137635,1.202954,174.141309,,121,base
16.745843,13.776722,19.251781,16.617577,1.71016,0.335185,604.513064,570.071259,634.32304,604.394299,19.342357,3.791032,23.752969,11.876485,35.629454,22.280285,7.340825,1.438775,172.107605,,121,benchmark
14.014252,10.914489,17.125891,14.12114,1.798981,0.352594,608.07601,584.204276,641.686461,610.546318,18.534512,3.632698,17.814727,7.125891,30.87886,18.123515,6.732379,1.319522,171.598669,,121,onset
21.852732,18.515439,24.714964,21.783848,1.964616,0.385058,608.07601,586.579572,639.073634,610.570071,17.063088,3.344304,28.503563,19.002375,42.874109,29.904988,8.068067,1.581312,171.8212,,121,onset_benchmark
11.163895,8.551069,13.064133,11.059382,1.390494,0.272532,610.451306,574.821853,639.073634,608.931116,19.891848,3.898731,14.251781,4.750594,23.871734,14.655582,6.049299,1.185641,165.540575,,121,speed
16.627078,14.014252,19.239905,16.591449,1.694915,0.332197,605.700713,577.078385,643.824228,607.292162,21.121695,4.139776,23.752969,14.133017,35.629454,22.779097,6.795067,1.331809,164.929724,,121,speed_benchmark
13.776722,11.163895,16.638955,13.826603,1.669479,0.327212,605.700713,577.19715,641.448931,606.983373,18.443582,3.614876,19.002375,9.382423,30.87886,19.216152,7.519652,1.473825,166.363361,,121,speed_onset
21.021378,18.752969,23.990499,21.166271,1.812401,0.355224,609.263658,579.453682,636.935867,607.957245,18.813618,3.687401,28.503563,14.251781,42.755344,28.907363,7.823925,1.533461,166.592889,,121,speed_onset_benchmark
11.730205,10.166178,13.40176,11.725318,1.025923,0.201077,595.307918,576.735093,615.884653,595.97263,12.395035,2.429382,12.707722,8.748778,20.527859,13.323558,3.565749,0.698874,170.701751,,122,base
18.27957,16.412512,19.946237,18.163245,1.130166,0.221509,594.330401,573.802542,612.952102,593.998045,12.354742,2.421485,21.505376,15.640274,28.396872,21.573803,4.022628,0.788421,171.000383,,122,benchmark
13.245357,11.529814,15.156403,13.270772,1.114898,0.218516,593.352884,572.825024,613.000978,594.349951,11.765517,2.305999,15.640274,7.771261,21.554252,15.239492,4.498027,0.881597,170.15222,,122,onset
20.136852,17.981427,21.999022,20.038123,1.210876,0.237327,597.262952,575.7087,617.839687,597.44868,12.045788,2.360931,24.437928,15.640274,31.329423,24.477028,5.211425,1.02142,170.770239,,122,onset_benchmark
11.632454,9.868035,13.406647,11.611926,1.107791,0.217123,592.375367,572.825024,613.000978,592.238514,12.308406,2.412403,13.685239,8.797654,19.550342,13.812317,3.280987,0.643062,167.032443,,122,speed
17.595308,16.124145,19.261975,17.664712,1.004332,0.196845,595.307918,576.588465,615.884653,594.956012,12.113565,2.374215,21.505376,14.662757,28.347996,21.505376,4.252963,0.833565,167.708732,,122,speed_benchmark
12.756598,11.236559,14.565005,12.765396,1.055482,0.206871,592.375367,572.776149,613.929619,593.000978,13.124715,2.572397,14.662757,8.797654,21.505376,14.819159,3.745461,0.734097,166.4501,,122,speed_onset
19.599218,18.069404,21.901271,19.734115,1.237742,0.242593,595.307918,575.7087,613.880743,595.092864,11.963687,2.34484,24.437928,18.572825,33.284457,25.415445,5.292434,1.037298,167.772309,,122,speed_onset_benchmark
9.966777,8.708472,11.303987,9.953488,0.794786,0.155775,560.215947,541.403654,580.606312,560.789037,12.191163,2.389424,11.627907,7.475083,15.780731,11.73588,2.662457,0.521832,177.381888,,123,base
14.700997,13.039867,16.283223,14.618771,0.977013,0.191491,562.707641,541.445183,578.945183,562.63289,11.542557,2.2623,18.272425,12.416944,24.127907,18.064784,3.831443,0.750949,177.364174,,123,benchmark
10.299003,9.136213,11.723422,10.371262,0.776689,0.152228,561.461794,540.656146,576.41196,560.157807,12.096233,2.370818,12.458472,7.475083,15.822259,12.109635,2.860596,0.560667,177.053467,,123,onset
15.199336,13.122924,16.449336,15.116279,0.969747,0.190067,560.631229,545.556478,578.114618,561.079734,10.112818,1.982076,19.10299,12.458472,24.916944,18.696013,3.711574,0.727455,177.175676,,123,onset_benchmark
10.38206,9.136213,11.719269,10.389535,0.914429,0.179225,563.538206,543.147841,583.056478,562.44186,11.856011,2.323735,13.289037,8.26412,19.10299,13.280731,3.124449,0.612381,172.754716,,123,speed
14.950166,13.36794,16.536545,14.960963,1.039834,0.203804,563.953488,544.767442,582.225914,563.280731,11.124229,2.180309,18.272425,13.247508,24.916944,18.895349,3.645044,0.714416,172.638455,,123,speed_benchmark
10.631229,9.302326,12.545681,10.739203,0.919854,0.180288,562.292359,546.4701,578.903654,562.516611,10.699682,2.097099,12.458472,8.305648,19.10299,12.857143,3.261893,0.639319,172.463847,,123,speed_onset
15.531561,14.032392,16.872924,15.471761,0.946775,0.185564,564.784053,545.598007,578.903654,563.471761,10.282793,2.01539,19.10299,14.119601,26.578073,19.709302,4.077226,0.799122,173.16026,,123,speed_onset_benchmark
